date,Discharge
1/1/01,0
1/2/01,0
1/3/01,0
1/4/01,0
1/5/01,0
1/6/01,0
1/7/01,0
1/8/01,0
1/9/01,0
1/10/01,0
1/11/01,0
1/12/01,0
1/13/01,0
1/14/01,0
1/15/01,0
1/16/01,0
1/17/01,0
1/18/01,0
1/19/01,0
1/20/01,0
1/21/01,0
1/22/01,0
1/23/01,0
1/24/01,0
1/25/01,0
1/26/01,0
1/27/01,0
1/28/01,0
1/29/01,0
1/30/01,0
1/31/01,0
2/1/01,0
2/2/01,0
2/3/01,0
2/4/01,0
2/5/01,0
2/6/01,0
2/7/01,0
2/8/01,0
2/9/01,0
2/10/01,0
2/11/01,0
2/12/01,0
2/13/01,0
2/14/01,0
2/15/01,0
2/16/01,0
2/17/01,0
2/18/01,0
2/19/01,0
2/20/01,0
2/21/01,0
2/22/01,0
2/23/01,0
2/24/01,0
2/25/01,0
2/26/01,0
2/27/01,0
2/28/01,0
3/1/01,0
3/2/01,0
3/3/01,0
3/4/01,0
3/5/01,0
3/6/01,0
3/7/01,0
3/8/01,0
3/9/01,0
3/10/01,0
3/11/01,0
3/12/01,0
3/13/01,0
3/14/01,0
3/15/01,0
3/16/01,0
3/17/01,0
3/18/01,0
3/19/01,0
3/20/01,0
3/21/01,0
3/22/01,0
3/23/01,0
3/24/01,0
3/25/01,0
3/26/01,0
3/27/01,0
3/28/01,0
3/29/01,0
3/30/01,0
3/31/01,0
4/1/01,0
4/2/01,0
4/3/01,0
4/4/01,0
4/5/01,0
4/6/01,0
4/7/01,0
4/8/01,0
4/9/01,0
4/10/01,0
4/11/01,0
4/12/01,0
4/13/01,0
4/14/01,0
4/15/01,0
4/16/01,0
4/17/01,0
4/18/01,0
4/19/01,0
4/20/01,0
4/21/01,0
4/22/01,0
4/23/01,0
4/24/01,0
4/25/01,0
4/26/01,0
4/27/01,0
4/28/01,0
4/29/01,0
4/30/01,0
5/1/01,0
5/2/01,0
5/3/01,0
5/4/01,0
5/5/01,0
5/6/01,0
5/7/01,0
5/8/01,0
5/9/01,0
5/10/01,0
5/11/01,0
5/12/01,0
5/13/01,0
5/14/01,0
5/15/01,0
5/16/01,0
5/17/01,0
5/18/01,0
5/19/01,0
5/20/01,0
5/21/01,0
5/22/01,0
5/23/01,0
5/24/01,0
5/25/01,0
5/26/01,0
5/27/01,0
5/28/01,0
5/29/01,0
5/30/01,0
5/31/01,0
6/1/01,0
6/2/01,0
6/3/01,0
6/4/01,0
6/5/01,0
6/6/01,0
6/7/01,0
6/8/01,0
6/9/01,0
6/10/01,0
6/11/01,0
6/12/01,0
6/13/01,0
6/14/01,0
6/15/01,0
6/16/01,0
6/17/01,0
6/18/01,0
6/19/01,0
6/20/01,0
6/21/01,0
6/22/01,0
6/23/01,0
6/24/01,0
6/25/01,0
6/26/01,0
6/27/01,0
6/28/01,0
6/29/01,0
6/30/01,0
7/1/01,0
7/2/01,0
7/3/01,0
7/4/01,0
7/5/01,0
7/6/01,0
7/7/01,0
7/8/01,0
7/9/01,0
7/10/01,0
7/11/01,0
7/12/01,0
7/13/01,0
7/14/01,0
7/15/01,0
7/16/01,0
7/17/01,0
7/18/01,0
7/19/01,0
7/20/01,0
7/21/01,0
7/22/01,0
7/23/01,0
7/24/01,0
7/25/01,0
7/26/01,0
7/27/01,0
7/28/01,0
7/29/01,0
7/30/01,0
7/31/01,0
8/1/01,0
8/2/01,0
8/3/01,0
8/4/01,0
8/5/01,0
8/6/01,0
8/7/01,0
8/8/01,0
8/9/01,0
8/10/01,0
8/11/01,0
8/12/01,0
8/13/01,0
8/14/01,0
8/15/01,0
8/16/01,0
8/17/01,0
8/18/01,0
8/19/01,0
8/20/01,0
8/21/01,0
8/22/01,0
8/23/01,0
8/24/01,0
8/25/01,0
8/26/01,0
8/27/01,0
8/28/01,0
8/29/01,0
8/30/01,0
8/31/01,0
9/1/01,0
9/2/01,0
9/3/01,0
9/4/01,0
9/5/01,0
9/6/01,0
9/7/01,0
9/8/01,0
9/9/01,0
9/10/01,0
9/11/01,0
9/12/01,0
9/13/01,0
9/14/01,0
9/15/01,0
9/16/01,0
9/17/01,0
9/18/01,0
9/19/01,0
9/20/01,0
9/21/01,0
9/22/01,0
9/23/01,0
9/24/01,0
9/25/01,0
9/26/01,0
9/27/01,0
9/28/01,0
9/29/01,0
9/30/01,0
10/1/01,0
10/2/01,0
10/3/01,0
10/4/01,0
10/5/01,0
10/6/01,0
10/7/01,0
10/8/01,0
10/9/01,0
10/10/01,0
10/11/01,0
10/12/01,0
10/13/01,0
10/14/01,0
10/15/01,0
10/16/01,0
10/17/01,0
10/18/01,0
10/19/01,0
10/20/01,0
10/21/01,0
10/22/01,0
10/23/01,0
10/24/01,0
10/25/01,0
10/26/01,0
10/27/01,0
10/28/01,0
10/29/01,0
10/30/01,0
10/31/01,0
11/1/01,0
11/2/01,0
11/3/01,0
11/4/01,0
11/5/01,0
11/6/01,0
11/7/01,0
11/8/01,0
11/9/01,0
11/10/01,0
11/11/01,0
11/12/01,0
11/13/01,0
11/14/01,0
11/15/01,0
11/16/01,0
11/17/01,0
11/18/01,0
11/19/01,0
11/20/01,0
11/21/01,0
11/22/01,0
11/23/01,0
11/24/01,0
11/25/01,0
11/26/01,0
11/27/01,0
11/28/01,0
11/29/01,0
11/30/01,0
12/1/01,0
12/2/01,0
12/3/01,0
12/4/01,0
12/5/01,0
12/6/01,0
12/7/01,0
12/8/01,0
12/9/01,0
12/10/01,0
12/11/01,0
12/12/01,0
12/13/01,0
12/14/01,0
12/15/01,0
12/16/01,0
12/17/01,0
12/18/01,0
12/19/01,0
12/20/01,0
12/21/01,0
12/22/01,0
12/23/01,0
12/24/01,0
12/25/01,0
12/26/01,0
12/27/01,0
12/28/01,0
12/29/01,0
12/30/01,0
12/31/01,0
1/1/02,0
1/2/02,0
1/3/02,0
1/4/02,0
1/5/02,0
1/6/02,0
1/7/02,0
1/8/02,0
1/9/02,0
1/10/02,0
1/11/02,0
1/12/02,0
1/13/02,0
1/14/02,0
1/15/02,0
1/16/02,0
1/17/02,0
1/18/02,0
1/19/02,0
1/20/02,0
1/21/02,0
1/22/02,0
1/23/02,0
1/24/02,0
1/25/02,0
1/26/02,0
1/27/02,0
1/28/02,0
1/29/02,0
1/30/02,0
1/31/02,0
2/1/02,0
2/2/02,0
2/3/02,0
2/4/02,0
2/5/02,0
2/6/02,0
2/7/02,0
2/8/02,0
2/9/02,0
2/10/02,0
2/11/02,0
2/12/02,0
2/13/02,0
2/14/02,0
2/15/02,0
2/16/02,0
2/17/02,0
2/18/02,0
2/19/02,0
2/20/02,0
2/21/02,0
2/22/02,0
2/23/02,0
2/24/02,0
2/25/02,0
2/26/02,0
2/27/02,0
2/28/02,0
3/1/02,0
3/2/02,0
3/3/02,0
3/4/02,0
3/5/02,0
3/6/02,0
3/7/02,0
3/8/02,0
3/9/02,0
3/10/02,0
3/11/02,0
3/12/02,0
3/13/02,0
3/14/02,0
3/15/02,0
3/16/02,0
3/17/02,0
3/18/02,0
3/19/02,0
3/20/02,0
3/21/02,0
3/22/02,0
3/23/02,0
3/24/02,0
3/25/02,0
3/26/02,0
3/27/02,0
3/28/02,0
3/29/02,0
3/30/02,0
3/31/02,0
4/1/02,0
4/2/02,0
4/3/02,0
4/4/02,0
4/5/02,0
4/6/02,0
4/7/02,0
4/8/02,0
4/9/02,0
4/10/02,0
4/11/02,0
4/12/02,0
4/13/02,0
4/14/02,0
4/15/02,0
4/16/02,0
4/17/02,0
4/18/02,0
4/19/02,0
4/20/02,0
4/21/02,0
4/22/02,0
4/23/02,0
4/24/02,0
4/25/02,0
4/26/02,0
4/27/02,0
4/28/02,0
4/29/02,0
4/30/02,0
5/1/02,0
5/2/02,0
5/3/02,0
5/4/02,0
5/5/02,0
5/6/02,0
5/7/02,0
5/8/02,0
5/9/02,0
5/10/02,0
5/11/02,0
5/12/02,0
5/13/02,0
5/14/02,0
5/15/02,0
5/16/02,0
5/17/02,0
5/18/02,0
5/19/02,0
5/20/02,0
5/21/02,0
5/22/02,0
5/23/02,0
5/24/02,0
5/25/02,0
5/26/02,0
5/27/02,0
5/28/02,0
5/29/02,0
5/30/02,0
5/31/02,0
6/1/02,0
6/2/02,0
6/3/02,0
6/4/02,0
6/5/02,0
6/6/02,0
6/7/02,0
6/8/02,0
6/9/02,0
6/10/02,0
6/11/02,0
6/12/02,0
6/13/02,0
6/14/02,0
6/15/02,0
6/16/02,0
6/17/02,0
6/18/02,0
6/19/02,0
6/20/02,0
6/21/02,0
6/22/02,0
6/23/02,0
6/24/02,0
6/25/02,0
6/26/02,0
6/27/02,0
6/28/02,0
6/29/02,0
6/30/02,0
7/1/02,0
7/2/02,0
7/3/02,0
7/4/02,0
7/5/02,0
7/6/02,0
7/7/02,0
7/8/02,0
7/9/02,0
7/10/02,0
7/11/02,0
7/12/02,0
7/13/02,0
7/14/02,0
7/15/02,0
7/16/02,0
7/17/02,0
7/18/02,0
7/19/02,0
7/20/02,0
7/21/02,0
7/22/02,0
7/23/02,0
7/24/02,0
7/25/02,0
7/26/02,0
7/27/02,0
7/28/02,0
7/29/02,0
7/30/02,0
7/31/02,0
8/1/02,0
8/2/02,0
8/3/02,0
8/4/02,0
8/5/02,0
8/6/02,0
8/7/02,0
8/8/02,0
8/9/02,0
8/10/02,0
8/11/02,0
8/12/02,0
8/13/02,0
8/14/02,0
8/15/02,0
8/16/02,0
8/17/02,0
8/18/02,0
8/19/02,0
8/20/02,0
8/21/02,0
8/22/02,0
8/23/02,0
8/24/02,0
8/25/02,0
8/26/02,0
8/27/02,0
8/28/02,0
8/29/02,0
8/30/02,0
8/31/02,0
9/1/02,0
9/2/02,0
9/3/02,0
9/4/02,0
9/5/02,0
9/6/02,0
9/7/02,0
9/8/02,0
9/9/02,0
9/10/02,0
9/11/02,0
9/12/02,0
9/13/02,0
9/14/02,0
9/15/02,0
9/16/02,0
9/17/02,0
9/18/02,0
9/19/02,0
9/20/02,0
9/21/02,0
9/22/02,0
9/23/02,0
9/24/02,0
9/25/02,0
9/26/02,0
9/27/02,0
9/28/02,0
9/29/02,0
9/30/02,0
10/1/02,0
10/2/02,0
10/3/02,0
10/4/02,0
10/5/02,0
10/6/02,0
10/7/02,0
10/8/02,0
10/9/02,0
10/10/02,0
10/11/02,0
10/12/02,0
10/13/02,0
10/14/02,0
10/15/02,0
10/16/02,0
10/17/02,0
10/18/02,0
10/19/02,0
10/20/02,0
10/21/02,0
10/22/02,0
10/23/02,0
10/24/02,0
10/25/02,0
10/26/02,0
10/27/02,0
10/28/02,0
10/29/02,0
10/30/02,0
10/31/02,0
11/1/02,0
11/2/02,0
11/3/02,0
11/4/02,0
11/5/02,0
11/6/02,0
11/7/02,0
11/8/02,0
11/9/02,0
11/10/02,0
11/11/02,0
11/12/02,0
11/13/02,0
11/14/02,0
11/15/02,0
11/16/02,0
11/17/02,0
11/18/02,0
11/19/02,0
11/20/02,0
11/21/02,0
11/22/02,0
11/23/02,0
11/24/02,0
11/25/02,0
11/26/02,0
11/27/02,0
11/28/02,0
11/29/02,0
11/30/02,0
12/1/02,0
12/2/02,0
12/3/02,0
12/4/02,0
12/5/02,0
12/6/02,0
12/7/02,0
12/8/02,0
12/9/02,0
12/10/02,0
12/11/02,0
12/12/02,0
12/13/02,0
12/14/02,0
12/15/02,0
12/16/02,0
12/17/02,0
12/18/02,0
12/19/02,0
12/20/02,0
12/21/02,0
12/22/02,0
12/23/02,0
12/24/02,0
12/25/02,0
12/26/02,0
12/27/02,0
12/28/02,0
12/29/02,0
12/30/02,0
12/31/02,0
1/1/03,0
1/2/03,0
1/3/03,0
1/4/03,0
1/5/03,0
1/6/03,0
1/7/03,0
1/8/03,0
1/9/03,0
1/10/03,0
1/11/03,0
1/12/03,0
1/13/03,0
1/14/03,0
1/15/03,0
1/16/03,0
1/17/03,0
1/18/03,0
1/19/03,0
1/20/03,0
1/21/03,0
1/22/03,0
1/23/03,0
1/24/03,0
1/25/03,0
1/26/03,0
1/27/03,0
1/28/03,0
1/29/03,0
1/30/03,0
1/31/03,0
2/1/03,0
2/2/03,0
2/3/03,0
2/4/03,0
2/5/03,0
2/6/03,0
2/7/03,0
2/8/03,0
2/9/03,0
2/10/03,0
2/11/03,0
2/12/03,0
2/13/03,0
2/14/03,0
2/15/03,0
2/16/03,0
2/17/03,0
2/18/03,0
2/19/03,0
2/20/03,0
2/21/03,0
2/22/03,0
2/23/03,0
2/24/03,0
2/25/03,0
2/26/03,0
2/27/03,0
2/28/03,0
3/1/03,0
3/2/03,0
3/3/03,0
3/4/03,0
3/5/03,0
3/6/03,0
3/7/03,0
3/8/03,0
3/9/03,0
3/10/03,0
3/11/03,0
3/12/03,0
3/13/03,0
3/14/03,0
3/15/03,0
3/16/03,0
3/17/03,0
3/18/03,0
3/19/03,0
3/20/03,0
3/21/03,0
3/22/03,0
3/23/03,0
3/24/03,0
3/25/03,0
3/26/03,0
3/27/03,0
3/28/03,0
3/29/03,0
3/30/03,0
3/31/03,0
4/1/03,0
4/2/03,0
4/3/03,0
4/4/03,0
4/5/03,0
4/6/03,0
4/7/03,0
4/8/03,0
4/9/03,0
4/10/03,0
4/11/03,0
4/12/03,0
4/13/03,0
4/14/03,0
4/15/03,0
4/16/03,0
4/17/03,0
4/18/03,0
4/19/03,0
4/20/03,0
4/21/03,0
4/22/03,0
4/23/03,0
4/24/03,0
4/25/03,0
4/26/03,0
4/27/03,0
4/28/03,0
4/29/03,0
4/30/03,0
5/1/03,0
5/2/03,0
5/3/03,0
5/4/03,0
5/5/03,0
5/6/03,0
5/7/03,0
5/8/03,0
5/9/03,0
5/10/03,0
5/11/03,0
5/12/03,0
5/13/03,0
5/14/03,0
5/15/03,0
5/16/03,0
5/17/03,0
5/18/03,0
5/19/03,0
5/20/03,0
5/21/03,0
5/22/03,0
5/23/03,0
5/24/03,0
5/25/03,0
5/26/03,0
5/27/03,0
5/28/03,0
5/29/03,0
5/30/03,0
5/31/03,0
6/1/03,0
6/2/03,0
6/3/03,0
6/4/03,0
6/5/03,0
6/6/03,0
6/7/03,0
6/8/03,0
6/9/03,0
6/10/03,0
6/11/03,0
6/12/03,0
6/13/03,0
6/14/03,0
6/15/03,0
6/16/03,0
6/17/03,0
6/18/03,0
6/19/03,0
6/20/03,0
6/21/03,0
6/22/03,0
6/23/03,0
6/24/03,0
6/25/03,0
6/26/03,0
6/27/03,0
6/28/03,0
6/29/03,0
6/30/03,0
7/1/03,0
7/2/03,0
7/3/03,0
7/4/03,0
7/5/03,0
7/6/03,0
7/7/03,0
7/8/03,0
7/9/03,0
7/10/03,0
7/11/03,0
7/12/03,0
7/13/03,0
7/14/03,0
7/15/03,0
7/16/03,0
7/17/03,0
7/18/03,0
7/19/03,0
7/20/03,0
7/21/03,0
7/22/03,0
7/23/03,0
7/24/03,0
7/25/03,0
7/26/03,0
7/27/03,0
7/28/03,0
7/29/03,0
7/30/03,0
7/31/03,0
8/1/03,0
8/2/03,0
8/3/03,0
8/4/03,0
8/5/03,0
8/6/03,0
8/7/03,0
8/8/03,0
8/9/03,0
8/10/03,0
8/11/03,0
8/12/03,0
8/13/03,0
8/14/03,0
8/15/03,0
8/16/03,0
8/17/03,0
8/18/03,0
8/19/03,0
8/20/03,0
8/21/03,0
8/22/03,0
8/23/03,0
8/24/03,0
8/25/03,0
8/26/03,0
8/27/03,0
8/28/03,0
8/29/03,0
8/30/03,0
8/31/03,0
9/1/03,0
9/2/03,0
9/3/03,0
9/4/03,0
9/5/03,0
9/6/03,0
9/7/03,0
9/8/03,0
9/9/03,0
9/10/03,0
9/11/03,0
9/12/03,0
9/13/03,0
9/14/03,0
9/15/03,0
9/16/03,0
9/17/03,0
9/18/03,0
9/19/03,0
9/20/03,0
9/21/03,0
9/22/03,0
9/23/03,0
9/24/03,0
9/25/03,0
9/26/03,0
9/27/03,0
9/28/03,0
9/29/03,0
9/30/03,0
10/1/03,0
10/2/03,0
10/3/03,0
10/4/03,0
10/5/03,0
10/6/03,0
10/7/03,0
10/8/03,0
10/9/03,0
10/10/03,0
10/11/03,0
10/12/03,0
10/13/03,0
10/14/03,0
10/15/03,0
10/16/03,0
10/17/03,0
10/18/03,0
10/19/03,0
10/20/03,0
10/21/03,0
10/22/03,0
10/23/03,0
10/24/03,0
10/25/03,0
10/26/03,0
10/27/03,0
10/28/03,0
10/29/03,0
10/30/03,0
10/31/03,0
11/1/03,0
11/2/03,0
11/3/03,0
11/4/03,0
11/5/03,0
11/6/03,0
11/7/03,0
11/8/03,0
11/9/03,0
11/10/03,0
11/11/03,0
11/12/03,0
11/13/03,0
11/14/03,0
11/15/03,0
11/16/03,0
11/17/03,0
11/18/03,0
11/19/03,0
11/20/03,0
11/21/03,0
11/22/03,0
11/23/03,0
11/24/03,0
11/25/03,0
11/26/03,0
11/27/03,0
11/28/03,0
11/29/03,0
11/30/03,0
12/1/03,0
12/2/03,0
12/3/03,0
12/4/03,0
12/5/03,0
12/6/03,0
12/7/03,0
12/8/03,0
12/9/03,0
12/10/03,0
12/11/03,0
12/12/03,0
12/13/03,0
12/14/03,0
12/15/03,0
12/16/03,0
12/17/03,0
12/18/03,0
12/19/03,0
12/20/03,0
12/21/03,0
12/22/03,0
12/23/03,0
12/24/03,0
12/25/03,0
12/26/03,0
12/27/03,0
12/28/03,0
12/29/03,0
12/30/03,0
12/31/03,0
1/1/04,0
1/2/04,0
1/3/04,0
1/4/04,0
1/5/04,0
1/6/04,0
1/7/04,0
1/8/04,0
1/9/04,0
1/10/04,0
1/11/04,0
1/12/04,0
1/13/04,0
1/14/04,0
1/15/04,0
1/16/04,0
1/17/04,0
1/18/04,0
1/19/04,0
1/20/04,0
1/21/04,0
1/22/04,0
1/23/04,0
1/24/04,0
1/25/04,0
1/26/04,0
1/27/04,0
1/28/04,0
1/29/04,0
1/30/04,0
1/31/04,0
2/1/04,0
2/2/04,0
2/3/04,0
2/4/04,0
2/5/04,0
2/6/04,0
2/7/04,0
2/8/04,0
2/9/04,0
2/10/04,0
2/11/04,0
2/12/04,0
2/13/04,0
2/14/04,0
2/15/04,0
2/16/04,0
2/17/04,0
2/18/04,0
2/19/04,0
2/20/04,0
2/21/04,0
2/22/04,0
2/23/04,0
2/24/04,0
2/25/04,0
2/26/04,0
2/27/04,0
2/28/04,0
2/29/04,0
3/1/04,0
3/2/04,0
3/3/04,0
3/4/04,0
3/5/04,0
3/6/04,0
3/7/04,0
3/8/04,0
3/9/04,0
3/10/04,0
3/11/04,0
3/12/04,0
3/13/04,0
3/14/04,0
3/15/04,0
3/16/04,0
3/17/04,0
3/18/04,0
3/19/04,0
3/20/04,0
3/21/04,0
3/22/04,0
3/23/04,0
3/24/04,0
3/25/04,0
3/26/04,0
3/27/04,0
3/28/04,0
3/29/04,0
3/30/04,0
3/31/04,0
4/1/04,0
4/2/04,0
4/3/04,0
4/4/04,0
4/5/04,0
4/6/04,0
4/7/04,0
4/8/04,0
4/9/04,0
4/10/04,0
4/11/04,0
4/12/04,0
4/13/04,0
4/14/04,0
4/15/04,0
4/16/04,0
4/17/04,0
4/18/04,0
4/19/04,0
4/20/04,0
4/21/04,0
4/22/04,0
4/23/04,0
4/24/04,0
4/25/04,0
4/26/04,0
4/27/04,0
4/28/04,0
4/29/04,0
4/30/04,0
5/1/04,0
5/2/04,0
5/3/04,0
5/4/04,0
5/5/04,0
5/6/04,0
5/7/04,0
5/8/04,0
5/9/04,0
5/10/04,0
5/11/04,0
5/12/04,0
5/13/04,0
5/14/04,0
5/15/04,0
5/16/04,0
5/17/04,0
5/18/04,0
5/19/04,0
5/20/04,0
5/21/04,0
5/22/04,0
5/23/04,0
5/24/04,0
5/25/04,0
5/26/04,0
5/27/04,0
5/28/04,0
5/29/04,0
5/30/04,0
5/31/04,0
6/1/04,0
6/2/04,0
6/3/04,0
6/4/04,0
6/5/04,0
6/6/04,0
6/7/04,0
6/8/04,0
6/9/04,0
6/10/04,0
6/11/04,0
6/12/04,0
6/13/04,0
6/14/04,0
6/15/04,0
6/16/04,0
6/17/04,0
6/18/04,0
6/19/04,0
6/20/04,0
6/21/04,0
6/22/04,0
6/23/04,0
6/24/04,0
6/25/04,0
6/26/04,0
6/27/04,0
6/28/04,0
6/29/04,0
6/30/04,0
7/1/04,0
7/2/04,0
7/3/04,0
7/4/04,0
7/5/04,0
7/6/04,0
7/7/04,0
7/8/04,0
7/9/04,0
7/10/04,0
7/11/04,0
7/12/04,0
7/13/04,0
7/14/04,0
7/15/04,0
7/16/04,0
7/17/04,0
7/18/04,0
7/19/04,0
7/20/04,0
7/21/04,0
7/22/04,0
7/23/04,0
7/24/04,0
7/25/04,0
7/26/04,0
7/27/04,0
7/28/04,0
7/29/04,0
7/30/04,0
7/31/04,0
8/1/04,0
8/2/04,0
8/3/04,0
8/4/04,0
8/5/04,0
8/6/04,0
8/7/04,0
8/8/04,0
8/9/04,0
8/10/04,0
8/11/04,0
8/12/04,0
8/13/04,0
8/14/04,0
8/15/04,0
8/16/04,0
8/17/04,0
8/18/04,0
8/19/04,0
8/20/04,0
8/21/04,0
8/22/04,0
8/23/04,0
8/24/04,0
8/25/04,0
8/26/04,0
8/27/04,0
8/28/04,0
8/29/04,0
8/30/04,0
8/31/04,0
9/1/04,0
9/2/04,0
9/3/04,0
9/4/04,0
9/5/04,0
9/6/04,0
9/7/04,0
9/8/04,0
9/9/04,0
9/10/04,0
9/11/04,0
9/12/04,0
9/13/04,0
9/14/04,0
9/15/04,0
9/16/04,0
9/17/04,0
9/18/04,0
9/19/04,0
9/20/04,0
9/21/04,0
9/22/04,0
9/23/04,0
9/24/04,0
9/25/04,0
9/26/04,0
9/27/04,0
9/28/04,0
9/29/04,0
9/30/04,0
10/1/04,0
10/2/04,0
10/3/04,0
10/4/04,0
10/5/04,0
10/6/04,0
10/7/04,0
10/8/04,0
10/9/04,0
10/10/04,0
10/11/04,0
10/12/04,0
10/13/04,0
10/14/04,0
10/15/04,0
10/16/04,0
10/17/04,0
10/18/04,0
10/19/04,0
10/20/04,0
10/21/04,0
10/22/04,0
10/23/04,0
10/24/04,0
10/25/04,0
10/26/04,0
10/27/04,0
10/28/04,0
10/29/04,0
10/30/04,0
10/31/04,0
11/1/04,0
11/2/04,0
11/3/04,0
11/4/04,0
11/5/04,0
11/6/04,0
11/7/04,0
11/8/04,0
11/9/04,0
11/10/04,0
11/11/04,0
11/12/04,0
11/13/04,0
11/14/04,0
11/15/04,0
11/16/04,0
11/17/04,0
11/18/04,0
11/19/04,0
11/20/04,0
11/21/04,0
11/22/04,0
11/23/04,0
11/24/04,0
11/25/04,0
11/26/04,0
11/27/04,0
11/28/04,0
11/29/04,0
11/30/04,0
12/1/04,0
12/2/04,0
12/3/04,0
12/4/04,0
12/5/04,0
12/6/04,0
12/7/04,0
12/8/04,0
12/9/04,0
12/10/04,0
12/11/04,0
12/12/04,0
12/13/04,0
12/14/04,0
12/15/04,0
12/16/04,0
12/17/04,0
12/18/04,0
12/19/04,0
12/20/04,0
12/21/04,0
12/22/04,0
12/23/04,0
12/24/04,0
12/25/04,0
12/26/04,0
12/27/04,0
12/28/04,0
12/29/04,0
12/30/04,0
12/31/04,0
1/1/05,0
1/2/05,0
1/3/05,0
1/4/05,0
1/5/05,0
1/6/05,0
1/7/05,0
1/8/05,0
1/9/05,0
1/10/05,0
1/11/05,0
1/12/05,0
1/13/05,0
1/14/05,0
1/15/05,0
1/16/05,0
1/17/05,0
1/18/05,0
1/19/05,0
1/20/05,0
1/21/05,0
1/22/05,0
1/23/05,0
1/24/05,0
1/25/05,0
1/26/05,0
1/27/05,0
1/28/05,0
1/29/05,0
1/30/05,0
1/31/05,0
2/1/05,0
2/2/05,0
2/3/05,0
2/4/05,0
2/5/05,0
2/6/05,0
2/7/05,0
2/8/05,0
2/9/05,0
2/10/05,0
2/11/05,0
2/12/05,0
2/13/05,0
2/14/05,0
2/15/05,0
2/16/05,0
2/17/05,0
2/18/05,0
2/19/05,0
2/20/05,0
2/21/05,0
2/22/05,0
2/23/05,0
2/24/05,0
2/25/05,0
2/26/05,0
2/27/05,0
2/28/05,0
3/1/05,0
3/2/05,0
3/3/05,0
3/4/05,0
3/5/05,0
3/6/05,0
3/7/05,0
3/8/05,0
3/9/05,0
3/10/05,0
3/11/05,0
3/12/05,0
3/13/05,0
3/14/05,0
3/15/05,0
3/16/05,0
3/17/05,0
3/18/05,0
3/19/05,0
3/20/05,0
3/21/05,0
3/22/05,0
3/23/05,0
3/24/05,0
3/25/05,0
3/26/05,0
3/27/05,0
3/28/05,0
3/29/05,0
3/30/05,0
3/31/05,0
4/1/05,0
4/2/05,0
4/3/05,0
4/4/05,0
4/5/05,0
4/6/05,0
4/7/05,0
4/8/05,0
4/9/05,0
4/10/05,0
4/11/05,0
4/12/05,0
4/13/05,0
4/14/05,0
4/15/05,0
4/16/05,0
4/17/05,0
4/18/05,0
4/19/05,0
4/20/05,0
4/21/05,0
4/22/05,0
4/23/05,0
4/24/05,0
4/25/05,0
4/26/05,0
4/27/05,0
4/28/05,0
4/29/05,0
4/30/05,0
5/1/05,0
5/2/05,0
5/3/05,0
5/4/05,0
5/5/05,0
5/6/05,0
5/7/05,0
5/8/05,0
5/9/05,0
5/10/05,0
5/11/05,0
5/12/05,0
5/13/05,0
5/14/05,0
5/15/05,0
5/16/05,0
5/17/05,0
5/18/05,0
5/19/05,0
5/20/05,0
5/21/05,0
5/22/05,0
5/23/05,0
5/24/05,0
5/25/05,0
5/26/05,0
5/27/05,0
5/28/05,0
5/29/05,0
5/30/05,0
5/31/05,0
6/1/05,0
6/2/05,0
6/3/05,0
6/4/05,0
6/5/05,0
6/6/05,0
6/7/05,0
6/8/05,0
6/9/05,0
6/10/05,0
6/11/05,0
6/12/05,0
6/13/05,0
6/14/05,0
6/15/05,0
6/16/05,0
6/17/05,0
6/18/05,0
6/19/05,0
6/20/05,0
6/21/05,0
6/22/05,0
6/23/05,0
6/24/05,0
6/25/05,0
6/26/05,0
6/27/05,0
6/28/05,0
6/29/05,0
6/30/05,0
7/1/05,0
7/2/05,0
7/3/05,0
7/4/05,0
7/5/05,0
7/6/05,0
7/7/05,0
7/8/05,0
7/9/05,0
7/10/05,0
7/11/05,0
7/12/05,0
7/13/05,0
7/14/05,0
7/15/05,0
7/16/05,0
7/17/05,0
7/18/05,0
7/19/05,0
7/20/05,0
7/21/05,0
7/22/05,0
7/23/05,0
7/24/05,0
7/25/05,0
7/26/05,0
7/27/05,0
7/28/05,0
7/29/05,0
7/30/05,0
7/31/05,0
8/1/05,0
8/2/05,0
8/3/05,0
8/4/05,0
8/5/05,0
8/6/05,0
8/7/05,0
8/8/05,0
8/9/05,0
8/10/05,0
8/11/05,0
8/12/05,0
8/13/05,0
8/14/05,0
8/15/05,0
8/16/05,0
8/17/05,0
8/18/05,0
8/19/05,0
8/20/05,0
8/21/05,0
8/22/05,0
8/23/05,0
8/24/05,0
8/25/05,0
8/26/05,0
8/27/05,0
8/28/05,0
8/29/05,0
8/30/05,0
8/31/05,0
9/1/05,0
9/2/05,0
9/3/05,0
9/4/05,0
9/5/05,0
9/6/05,0
9/7/05,0
9/8/05,0
9/9/05,0
9/10/05,0
9/11/05,0
9/12/05,0
9/13/05,0
9/14/05,0
9/15/05,0
9/16/05,0
9/17/05,0
9/18/05,0
9/19/05,0
9/20/05,0
9/21/05,0
9/22/05,0
9/23/05,0
9/24/05,0
9/25/05,0
9/26/05,0
9/27/05,0
9/28/05,0
9/29/05,0
9/30/05,0
10/1/05,0
10/2/05,0
10/3/05,0
10/4/05,0
10/5/05,0
10/6/05,0
10/7/05,0
10/8/05,0
10/9/05,0
10/10/05,0
10/11/05,0
10/12/05,0
10/13/05,0
10/14/05,0
10/15/05,0
10/16/05,0
10/17/05,0
10/18/05,0
10/19/05,0
10/20/05,0
10/21/05,0
10/22/05,0
10/23/05,0
10/24/05,0
10/25/05,0
10/26/05,0
10/27/05,0
10/28/05,0
10/29/05,0
10/30/05,0
10/31/05,0
11/1/05,0
11/2/05,0
11/3/05,0
11/4/05,0
11/5/05,0
11/6/05,0
11/7/05,0
11/8/05,0
11/9/05,0
11/10/05,0
11/11/05,0
11/12/05,0
11/13/05,0
11/14/05,0
11/15/05,0
11/16/05,0
11/17/05,0
11/18/05,0
11/19/05,0
11/20/05,0
11/21/05,0
11/22/05,0
11/23/05,0
11/24/05,0
11/25/05,0
11/26/05,0
11/27/05,0
11/28/05,0
11/29/05,0
11/30/05,0
12/1/05,0
12/2/05,0
12/3/05,0
12/4/05,0
12/5/05,0
12/6/05,0
12/7/05,0
12/8/05,0
12/9/05,0
12/10/05,0
12/11/05,0
12/12/05,0
12/13/05,0
12/14/05,0
12/15/05,0
12/16/05,0
12/17/05,0
12/18/05,0
12/19/05,0
12/20/05,0
12/21/05,0
12/22/05,0
12/23/05,0
12/24/05,0
12/25/05,0
12/26/05,0
12/27/05,0
12/28/05,0
12/29/05,0
12/30/05,0
12/31/05,0
1/1/06,0
1/2/06,0
1/3/06,0
1/4/06,0
1/5/06,0
1/6/06,0
1/7/06,0
1/8/06,0
1/9/06,0
1/10/06,0
1/11/06,0
1/12/06,0
1/13/06,0
1/14/06,0
1/15/06,0
1/16/06,0
1/17/06,0
1/18/06,0
1/19/06,0
1/20/06,0
1/21/06,0
1/22/06,0
1/23/06,0
1/24/06,0
1/25/06,0
1/26/06,0
1/27/06,0
1/28/06,0
1/29/06,0
1/30/06,0
1/31/06,0
2/1/06,0
2/2/06,0
2/3/06,0
2/4/06,0
2/5/06,0
2/6/06,0
2/7/06,0
2/8/06,0
2/9/06,0
2/10/06,0
2/11/06,0
2/12/06,0
2/13/06,0
2/14/06,0
2/15/06,0
2/16/06,0
2/17/06,0
2/18/06,0
2/19/06,0
2/20/06,0
2/21/06,0
2/22/06,0
2/23/06,0
2/24/06,0
2/25/06,0
2/26/06,0
2/27/06,0
2/28/06,0
3/1/06,0
3/2/06,0
3/3/06,0
3/4/06,0
3/5/06,0
3/6/06,0
3/7/06,0
3/8/06,0
3/9/06,0
3/10/06,0
3/11/06,0
3/12/06,0
3/13/06,0
3/14/06,0
3/15/06,0
3/16/06,0
3/17/06,0
3/18/06,0
3/19/06,0
3/20/06,0
3/21/06,0
3/22/06,0
3/23/06,0
3/24/06,0
3/25/06,0
3/26/06,0
3/27/06,0
3/28/06,0
3/29/06,0
3/30/06,0
3/31/06,0
4/1/06,0
4/2/06,0
4/3/06,0
4/4/06,0
4/5/06,0
4/6/06,0
4/7/06,0
4/8/06,0
4/9/06,0
4/10/06,0
4/11/06,0
4/12/06,0
4/13/06,0
4/14/06,0
4/15/06,0
4/16/06,0
4/17/06,0
4/18/06,0
4/19/06,0
4/20/06,0
4/21/06,0
4/22/06,0
4/23/06,0
4/24/06,0
4/25/06,0
4/26/06,0
4/27/06,0
4/28/06,0
4/29/06,0
4/30/06,0
5/1/06,0
5/2/06,0
5/3/06,0
5/4/06,0
5/5/06,0
5/6/06,0
5/7/06,0
5/8/06,0
5/9/06,0
5/10/06,0
5/11/06,0
5/12/06,0
5/13/06,0
5/14/06,0
5/15/06,0
5/16/06,0
5/17/06,0
5/18/06,0
5/19/06,0
5/20/06,0
5/21/06,0
5/22/06,0
5/23/06,0
5/24/06,0
5/25/06,0
5/26/06,0
5/27/06,0
5/28/06,0
5/29/06,0
5/30/06,0
5/31/06,0
6/1/06,0
6/2/06,0
6/3/06,0
6/4/06,0
6/5/06,0
6/6/06,0
6/7/06,0
6/8/06,0
6/9/06,0
6/10/06,0
6/11/06,0
6/12/06,0
6/13/06,0
6/14/06,0
6/15/06,0
6/16/06,0
6/17/06,0
6/18/06,0
6/19/06,0
6/20/06,0
6/21/06,0
6/22/06,0
6/23/06,0
6/24/06,0
6/25/06,0
6/26/06,0
6/27/06,0
6/28/06,0
6/29/06,0
6/30/06,0
7/1/06,0
7/2/06,0
7/3/06,0
7/4/06,0
7/5/06,0
7/6/06,0
7/7/06,0
7/8/06,0
7/9/06,0
7/10/06,0
7/11/06,0
7/12/06,0
7/13/06,0
7/14/06,0
7/15/06,0
7/16/06,0
7/17/06,0
7/18/06,0
7/19/06,0
7/20/06,0
7/21/06,0
7/22/06,0
7/23/06,0
7/24/06,0
7/25/06,0
7/26/06,0
7/27/06,0
7/28/06,0
7/29/06,0
7/30/06,0
7/31/06,0
8/1/06,0
8/2/06,0
8/3/06,0
8/4/06,0
8/5/06,0
8/6/06,0
8/7/06,0
8/8/06,0
8/9/06,0
8/10/06,0
8/11/06,0
8/12/06,0
8/13/06,0
8/14/06,0
8/15/06,0
8/16/06,0
8/17/06,0
8/18/06,0
8/19/06,0
8/20/06,0
8/21/06,0
8/22/06,0
8/23/06,0
8/24/06,0
8/25/06,0
8/26/06,0
8/27/06,0
8/28/06,0
8/29/06,0
8/30/06,0
8/31/06,0
9/1/06,0
9/2/06,0
9/3/06,0
9/4/06,0
9/5/06,0
9/6/06,0
9/7/06,0
9/8/06,0
9/9/06,0
9/10/06,0
9/11/06,0
9/12/06,0
9/13/06,0
9/14/06,0
9/15/06,0
9/16/06,0
9/17/06,0
9/18/06,0
9/19/06,0
9/20/06,0
9/21/06,0
9/22/06,0
9/23/06,0
9/24/06,0
9/25/06,0
9/26/06,0
9/27/06,0
9/28/06,0
9/29/06,0
9/30/06,0
10/1/06,0
10/2/06,0
10/3/06,0
10/4/06,0
10/5/06,0
10/6/06,0
10/7/06,0
10/8/06,0
10/9/06,0
10/10/06,0
10/11/06,0
10/12/06,0
10/13/06,0
10/14/06,0
10/15/06,0
10/16/06,0
10/17/06,0
10/18/06,0
10/19/06,0
10/20/06,0
10/21/06,0
10/22/06,0
10/23/06,0
10/24/06,0
10/25/06,0
10/26/06,0
10/27/06,0
10/28/06,0
10/29/06,0
10/30/06,0
10/31/06,0
11/1/06,0
11/2/06,0
11/3/06,0
11/4/06,0
11/5/06,0
11/6/06,0
11/7/06,0
11/8/06,0
11/9/06,0
11/10/06,0
11/11/06,0
11/12/06,0
11/13/06,0
11/14/06,0
11/15/06,0
11/16/06,0
11/17/06,0
11/18/06,0
11/19/06,0
11/20/06,0
11/21/06,0
11/22/06,0
11/23/06,0
11/24/06,0
11/25/06,0
11/26/06,0
11/27/06,0
11/28/06,0
11/29/06,0
11/30/06,0
12/1/06,0
12/2/06,0
12/3/06,0
12/4/06,0
12/5/06,0
12/6/06,0
12/7/06,0
12/8/06,0
12/9/06,0
12/10/06,0
12/11/06,0
12/12/06,0
12/13/06,0
12/14/06,0
12/15/06,0
12/16/06,0
12/17/06,0
12/18/06,0
12/19/06,0
12/20/06,0
12/21/06,0
12/22/06,0
12/23/06,0
12/24/06,0
12/25/06,0
12/26/06,0
12/27/06,0
12/28/06,0
12/29/06,0
12/30/06,0
12/31/06,0
1/1/07,0
1/2/07,0
1/3/07,0
1/4/07,0
1/5/07,0
1/6/07,0
1/7/07,0
1/8/07,0
1/9/07,0
1/10/07,0
1/11/07,0
1/12/07,0
1/13/07,0
1/14/07,0
1/15/07,0
1/16/07,0
1/17/07,0
1/18/07,0
1/19/07,0
1/20/07,0
1/21/07,0
1/22/07,0
1/23/07,0
1/24/07,0
1/25/07,0
1/26/07,0
1/27/07,0
1/28/07,0
1/29/07,0
1/30/07,0
1/31/07,0
2/1/07,0
2/2/07,0
2/3/07,0
2/4/07,0
2/5/07,0
2/6/07,0
2/7/07,0
2/8/07,0
2/9/07,0
2/10/07,0
2/11/07,0
2/12/07,0
2/13/07,0
2/14/07,0
2/15/07,0
2/16/07,0
2/17/07,0
2/18/07,0
2/19/07,0
2/20/07,0
2/21/07,0
2/22/07,0
2/23/07,0
2/24/07,0
2/25/07,0
2/26/07,0
2/27/07,0
2/28/07,0
3/1/07,0
3/2/07,0
3/3/07,0
3/4/07,0
3/5/07,0
3/6/07,0
3/7/07,0
3/8/07,0
3/9/07,0
3/10/07,0
3/11/07,0
3/12/07,0
3/13/07,0
3/14/07,0
3/15/07,0
3/16/07,0
3/17/07,0
3/18/07,0
3/19/07,0
3/20/07,0
3/21/07,0
3/22/07,0
3/23/07,0
3/24/07,0
3/25/07,0
3/26/07,0
3/27/07,0
3/28/07,0
3/29/07,0
3/30/07,0
3/31/07,0
4/1/07,0
4/2/07,0
4/3/07,0
4/4/07,0
4/5/07,0
4/6/07,0
4/7/07,0
4/8/07,0
4/9/07,0
4/10/07,0
4/11/07,0
4/12/07,0
4/13/07,0
4/14/07,0
4/15/07,0
4/16/07,0
4/17/07,0
4/18/07,0
4/19/07,0
4/20/07,0
4/21/07,0
4/22/07,0
4/23/07,0
4/24/07,0
4/25/07,0
4/26/07,0
4/27/07,0
4/28/07,0
4/29/07,0
4/30/07,0
5/1/07,0
5/2/07,0
5/3/07,0
5/4/07,0
5/5/07,0
5/6/07,0
5/7/07,0
5/8/07,0
5/9/07,0
5/10/07,0
5/11/07,0
5/12/07,0
5/13/07,0
5/14/07,0
5/15/07,0
5/16/07,0
5/17/07,0
5/18/07,0
5/19/07,0
5/20/07,0
5/21/07,0
5/22/07,0
5/23/07,0
5/24/07,0
5/25/07,0
5/26/07,0
5/27/07,0
5/28/07,0
5/29/07,0
5/30/07,0
5/31/07,0
6/1/07,0
6/2/07,0
6/3/07,0
6/4/07,0
6/5/07,0
6/6/07,0
6/7/07,0
6/8/07,0
6/9/07,0
6/10/07,0
6/11/07,0
6/12/07,0
6/13/07,0
6/14/07,0
6/15/07,0
6/16/07,0
6/17/07,0
6/18/07,0
6/19/07,0
6/20/07,0
6/21/07,0
6/22/07,0
6/23/07,0
6/24/07,0
6/25/07,0
6/26/07,0
6/27/07,0
6/28/07,0
6/29/07,0
6/30/07,0
7/1/07,0
7/2/07,0
7/3/07,0
7/4/07,0
7/5/07,0
7/6/07,0
7/7/07,0
7/8/07,0
7/9/07,0
7/10/07,0
7/11/07,0
7/12/07,0
7/13/07,0
7/14/07,0
7/15/07,0
7/16/07,0
7/17/07,0
7/18/07,0
7/19/07,0
7/20/07,0
7/21/07,0
7/22/07,0
7/23/07,0
7/24/07,0
7/25/07,0
7/26/07,0
7/27/07,0
7/28/07,0
7/29/07,0
7/30/07,0
7/31/07,0
8/1/07,0
8/2/07,0
8/3/07,0
8/4/07,0
8/5/07,0
8/6/07,0
8/7/07,0
8/8/07,0
8/9/07,0
8/10/07,0
8/11/07,0
8/12/07,0
8/13/07,0
8/14/07,0
8/15/07,0
8/16/07,0
8/17/07,0
8/18/07,0
8/19/07,0
8/20/07,0
8/21/07,0
8/22/07,0
8/23/07,0
8/24/07,0
8/25/07,0
8/26/07,0
8/27/07,0
8/28/07,0
8/29/07,0
8/30/07,0
8/31/07,0
9/1/07,0
9/2/07,0
9/3/07,0
9/4/07,0
9/5/07,0
9/6/07,0
9/7/07,0
9/8/07,0
9/9/07,0
9/10/07,0
9/11/07,0
9/12/07,0
9/13/07,0
9/14/07,0
9/15/07,0
9/16/07,0
9/17/07,0
9/18/07,0
9/19/07,0
9/20/07,0
9/21/07,0
9/22/07,0
9/23/07,0
9/24/07,0
9/25/07,0
9/26/07,0
9/27/07,0
9/28/07,0
9/29/07,0
9/30/07,0
10/1/07,0
10/2/07,0
10/3/07,0
10/4/07,0
10/5/07,0
10/6/07,0
10/7/07,0
10/8/07,0
10/9/07,0
10/10/07,0
10/11/07,0
10/12/07,0
10/13/07,0
10/14/07,0
10/15/07,0
10/16/07,0
10/17/07,0
10/18/07,0
10/19/07,0
10/20/07,0
10/21/07,0
10/22/07,0
10/23/07,0
10/24/07,0
10/25/07,0
10/26/07,0
10/27/07,0
10/28/07,0
10/29/07,0
10/30/07,0
10/31/07,0
11/1/07,0
11/2/07,0
11/3/07,0
11/4/07,0
11/5/07,0
11/6/07,0
11/7/07,0
11/8/07,0
11/9/07,0
11/10/07,0
11/11/07,0
11/12/07,0
11/13/07,0
11/14/07,0
11/15/07,0
11/16/07,0
11/17/07,0
11/18/07,0
11/19/07,0
11/20/07,0
11/21/07,0
11/22/07,0
11/23/07,0
11/24/07,0
11/25/07,0
11/26/07,0
11/27/07,0
11/28/07,0
11/29/07,0
11/30/07,0
12/1/07,0
12/2/07,0
12/3/07,0
12/4/07,0
12/5/07,0
12/6/07,0
12/7/07,0
12/8/07,0
12/9/07,0
12/10/07,0
12/11/07,0
12/12/07,0
12/13/07,0
12/14/07,0
12/15/07,0
12/16/07,0
12/17/07,0
12/18/07,0
12/19/07,0
12/20/07,0
12/21/07,0
12/22/07,0
12/23/07,0
12/24/07,0
12/25/07,0
12/26/07,0
12/27/07,0
12/28/07,0
12/29/07,0
12/30/07,0
12/31/07,0
1/1/08,0
1/2/08,0
1/3/08,0
1/4/08,0
1/5/08,0
1/6/08,0
1/7/08,0
1/8/08,0
1/9/08,0
1/10/08,0
1/11/08,0
1/12/08,0
1/13/08,0
1/14/08,0
1/15/08,0
1/16/08,0
1/17/08,0
1/18/08,0
1/19/08,0
1/20/08,0
1/21/08,0
1/22/08,0
1/23/08,0
1/24/08,0
1/25/08,0
1/26/08,0
1/27/08,0
1/28/08,0
1/29/08,0
1/30/08,0
1/31/08,0
2/1/08,0
2/2/08,0
2/3/08,0
2/4/08,0
2/5/08,0
2/6/08,0
2/7/08,0
2/8/08,0
2/9/08,0
2/10/08,0
2/11/08,0
2/12/08,0
2/13/08,0
2/14/08,0
2/15/08,0
2/16/08,0
2/17/08,0
2/18/08,0
2/19/08,0
2/20/08,0
2/21/08,0
2/22/08,0
2/23/08,0
2/24/08,0
2/25/08,0
2/26/08,0
2/27/08,0
2/28/08,0
2/29/08,0
3/1/08,0
3/2/08,0
3/3/08,0
3/4/08,0
3/5/08,0
3/6/08,0
3/7/08,0
3/8/08,0
3/9/08,0
3/10/08,0
3/11/08,0
3/12/08,0
3/13/08,0
3/14/08,0
3/15/08,0
3/16/08,0
3/17/08,0
3/18/08,0
3/19/08,0
3/20/08,0
3/21/08,0
3/22/08,0
3/23/08,0
3/24/08,0
3/25/08,0
3/26/08,0
3/27/08,0
3/28/08,0
3/29/08,0
3/30/08,0
3/31/08,0
4/1/08,0
4/2/08,0
4/3/08,0
4/4/08,0
4/5/08,0
4/6/08,0
4/7/08,0
4/8/08,0
4/9/08,0
4/10/08,0
4/11/08,0
4/12/08,0
4/13/08,0
4/14/08,0
4/15/08,0
4/16/08,0
4/17/08,0
4/18/08,0
4/19/08,0
4/20/08,0
4/21/08,0
4/22/08,0
4/23/08,0
4/24/08,0
4/25/08,0
4/26/08,0
4/27/08,0
4/28/08,0
4/29/08,0
4/30/08,0
5/1/08,0
5/2/08,0
5/3/08,0
5/4/08,0
5/5/08,0
5/6/08,0
5/7/08,0
5/8/08,0
5/9/08,0
5/10/08,0
5/11/08,0
5/12/08,0
5/13/08,0
5/14/08,0
5/15/08,0
5/16/08,0
5/17/08,0
5/18/08,0
5/19/08,0
5/20/08,0
5/21/08,0
5/22/08,0
5/23/08,0
5/24/08,0
5/25/08,0
5/26/08,0
5/27/08,0
5/28/08,0
5/29/08,0
5/30/08,0
5/31/08,0
6/1/08,0
6/2/08,0
6/3/08,0
6/4/08,0
6/5/08,0
6/6/08,0
6/7/08,0
6/8/08,0
6/9/08,0
6/10/08,0
6/11/08,0
6/12/08,0
6/13/08,0
6/14/08,0
6/15/08,0
6/16/08,0
6/17/08,0
6/18/08,0
6/19/08,0
6/20/08,0
6/21/08,0
6/22/08,0
6/23/08,0
6/24/08,0
6/25/08,0
6/26/08,0
6/27/08,0
6/28/08,0
6/29/08,0
6/30/08,0
7/1/08,0
7/2/08,0
7/3/08,0
7/4/08,0
7/5/08,0
7/6/08,0
7/7/08,0
7/8/08,0
7/9/08,0
7/10/08,0
7/11/08,0
7/12/08,0
7/13/08,0
7/14/08,0
7/15/08,0
7/16/08,0
7/17/08,0
7/18/08,0
7/19/08,0
7/20/08,0
7/21/08,0
7/22/08,0
7/23/08,0
7/24/08,0
7/25/08,0
7/26/08,0
7/27/08,0
7/28/08,0
7/29/08,0
7/30/08,0
7/31/08,0
8/1/08,0
8/2/08,0
8/3/08,0
8/4/08,0
8/5/08,0
8/6/08,0
8/7/08,0
8/8/08,0
8/9/08,0
8/10/08,0
8/11/08,0
8/12/08,0
8/13/08,0
8/14/08,0
8/15/08,0
8/16/08,0
8/17/08,0
8/18/08,0
8/19/08,0
8/20/08,0
8/21/08,0
8/22/08,0
8/23/08,0
8/24/08,0
8/25/08,0
8/26/08,0
8/27/08,0
8/28/08,0
8/29/08,0
8/30/08,0
8/31/08,0
9/1/08,0
9/2/08,0
9/3/08,0
9/4/08,0
9/5/08,0
9/6/08,0
9/7/08,0
9/8/08,0
9/9/08,0
9/10/08,0
9/11/08,0
9/12/08,0
9/13/08,0
9/14/08,0
9/15/08,0
9/16/08,0
9/17/08,0
9/18/08,0
9/19/08,0
9/20/08,0
9/21/08,0
9/22/08,0
9/23/08,0
9/24/08,0
9/25/08,0
9/26/08,0
9/27/08,0
9/28/08,0
9/29/08,0
9/30/08,0
10/1/08,0
10/2/08,0
10/3/08,0
10/4/08,0
10/5/08,0
10/6/08,0
10/7/08,0
10/8/08,0
10/9/08,0
10/10/08,0
10/11/08,0
10/12/08,0
10/13/08,0
10/14/08,0
10/15/08,0
10/16/08,0
10/17/08,0
10/18/08,0
10/19/08,0
10/20/08,0
10/21/08,0
10/22/08,0
10/23/08,0
10/24/08,0
10/25/08,0
10/26/08,0
10/27/08,0
10/28/08,0
10/29/08,0
10/30/08,0
10/31/08,0
11/1/08,0
11/2/08,0
11/3/08,0
11/4/08,0
11/5/08,0
11/6/08,0
11/7/08,0
11/8/08,0
11/9/08,0
11/10/08,0
11/11/08,0
11/12/08,0
11/13/08,0
11/14/08,0
11/15/08,0
11/16/08,0
11/17/08,0
11/18/08,0
11/19/08,0
11/20/08,0
11/21/08,0
11/22/08,0
11/23/08,0
11/24/08,0
11/25/08,0
11/26/08,0
11/27/08,0
11/28/08,0
11/29/08,0
11/30/08,0
12/1/08,0
12/2/08,0
12/3/08,0
12/4/08,0
12/5/08,0
12/6/08,0
12/7/08,0
12/8/08,0
12/9/08,0
12/10/08,0
12/11/08,0
12/12/08,0
12/13/08,0
12/14/08,0
12/15/08,0
12/16/08,0
12/17/08,0
12/18/08,0
12/19/08,0
12/20/08,0
12/21/08,0
12/22/08,0
12/23/08,0
12/24/08,0
12/25/08,0
12/26/08,0
12/27/08,0
12/28/08,0
12/29/08,0
12/30/08,0
12/31/08,0
1/1/09,0
1/2/09,0
1/3/09,0
1/4/09,0
1/5/09,0
1/6/09,0
1/7/09,0
1/8/09,0
1/9/09,0
1/10/09,0
1/11/09,0
1/12/09,0
1/13/09,0
1/14/09,0
1/15/09,0
1/16/09,0
1/17/09,0
1/18/09,0
1/19/09,0
1/20/09,0
1/21/09,0
1/22/09,0
1/23/09,0
1/24/09,0
1/25/09,0
1/26/09,0
1/27/09,0
1/28/09,0
1/29/09,0
1/30/09,0
1/31/09,0
2/1/09,0
2/2/09,0
2/3/09,0
2/4/09,0
2/5/09,0
2/6/09,0
2/7/09,0
2/8/09,0
2/9/09,0
2/10/09,0
2/11/09,0
2/12/09,0
2/13/09,0
2/14/09,0
2/15/09,0
2/16/09,0
2/17/09,0
2/18/09,0
2/19/09,0
2/20/09,0
2/21/09,0
2/22/09,0
2/23/09,0
2/24/09,0
2/25/09,0
2/26/09,0
2/27/09,0
2/28/09,0
3/1/09,0
3/2/09,0
3/3/09,0
3/4/09,0
3/5/09,0
3/6/09,0
3/7/09,0
3/8/09,0
3/9/09,0
3/10/09,0
3/11/09,0
3/12/09,0
3/13/09,0
3/14/09,0
3/15/09,0
3/16/09,0
3/17/09,0
3/18/09,0
3/19/09,0
3/20/09,0
3/21/09,0
3/22/09,0
3/23/09,0
3/24/09,0
3/25/09,0
3/26/09,0
3/27/09,0
3/28/09,0
3/29/09,0
3/30/09,0
3/31/09,0
4/1/09,0
4/2/09,0
4/3/09,0
4/4/09,0
4/5/09,0
4/6/09,0
4/7/09,0
4/8/09,0
4/9/09,0
4/10/09,0
4/11/09,0
4/12/09,0
4/13/09,0
4/14/09,0
4/15/09,0
4/16/09,0
4/17/09,0
4/18/09,0
4/19/09,0
4/20/09,0
4/21/09,0
4/22/09,0
4/23/09,0
4/24/09,0
4/25/09,0
4/26/09,0
4/27/09,0
4/28/09,0
4/29/09,0
4/30/09,0
5/1/09,0
5/2/09,0
5/3/09,0
5/4/09,0
5/5/09,0
5/6/09,0
5/7/09,0
5/8/09,0
5/9/09,0
5/10/09,0
5/11/09,0
5/12/09,0
5/13/09,0
5/14/09,0
5/15/09,0
5/16/09,0
5/17/09,0
5/18/09,0
5/19/09,0
5/20/09,0
5/21/09,0
5/22/09,0
5/23/09,0
5/24/09,0
5/25/09,0
5/26/09,0
5/27/09,0
5/28/09,0
5/29/09,0
5/30/09,0
5/31/09,0
6/1/09,0
6/2/09,0
6/3/09,0
6/4/09,0
6/5/09,0
6/6/09,0
6/7/09,0
6/8/09,0
6/9/09,0
6/10/09,0
6/11/09,0
6/12/09,0
6/13/09,0
6/14/09,0
6/15/09,0
6/16/09,0
6/17/09,0
6/18/09,0
6/19/09,0
6/20/09,0
6/21/09,0
6/22/09,0
6/23/09,0
6/24/09,0
6/25/09,0
6/26/09,0
6/27/09,0
6/28/09,0
6/29/09,0
6/30/09,0
7/1/09,0
7/2/09,0
7/3/09,0
7/4/09,0
7/5/09,0
7/6/09,0
7/7/09,0
7/8/09,0
7/9/09,0
7/10/09,0
7/11/09,0
7/12/09,0
7/13/09,0
7/14/09,0
7/15/09,0
7/16/09,0
7/17/09,0
7/18/09,0
7/19/09,0
7/20/09,0
7/21/09,0
7/22/09,0
7/23/09,0
7/24/09,0
7/25/09,0
7/26/09,0
7/27/09,0
7/28/09,0
7/29/09,0
7/30/09,0
7/31/09,0
8/1/09,0
8/2/09,0
8/3/09,0
8/4/09,0
8/5/09,0
8/6/09,0
8/7/09,0
8/8/09,0
8/9/09,0
8/10/09,0
8/11/09,0
8/12/09,0
8/13/09,0
8/14/09,0
8/15/09,0
8/16/09,0
8/17/09,0
8/18/09,0
8/19/09,0
8/20/09,0
8/21/09,0
8/22/09,0
8/23/09,0
8/24/09,0
8/25/09,0
8/26/09,0
8/27/09,0
8/28/09,0
8/29/09,0
8/30/09,0
8/31/09,0
9/1/09,0
9/2/09,0
9/3/09,0
9/4/09,0
9/5/09,0
9/6/09,0
9/7/09,0
9/8/09,0
9/9/09,0
9/10/09,0
9/11/09,0
9/12/09,0
9/13/09,0
9/14/09,0
9/15/09,0
9/16/09,0
9/17/09,0
9/18/09,0
9/19/09,0
9/20/09,0
9/21/09,0
9/22/09,0
9/23/09,0
9/24/09,0
9/25/09,0
9/26/09,0
9/27/09,0
9/28/09,0
9/29/09,0
9/30/09,0
10/1/09,0
10/2/09,0
10/3/09,0
10/4/09,0
10/5/09,0
10/6/09,0
10/7/09,0
10/8/09,0
10/9/09,0
10/10/09,0
10/11/09,0
10/12/09,0
10/13/09,0
10/14/09,0
10/15/09,0
10/16/09,0
10/17/09,0
10/18/09,0
10/19/09,0
10/20/09,0
10/21/09,0
10/22/09,0
10/23/09,0
10/24/09,0
10/25/09,0
10/26/09,0
10/27/09,0
10/28/09,0
10/29/09,0
10/30/09,0
10/31/09,0
11/1/09,0
11/2/09,0
11/3/09,0
11/4/09,0
11/5/09,0
11/6/09,0
11/7/09,0
11/8/09,0
11/9/09,0
11/10/09,0
11/11/09,0
11/12/09,0
11/13/09,0
11/14/09,0
11/15/09,0
11/16/09,0
11/17/09,0
11/18/09,0
11/19/09,0
11/20/09,0
11/21/09,0
11/22/09,0
11/23/09,0
11/24/09,0
11/25/09,0
11/26/09,0
11/27/09,0
11/28/09,0
11/29/09,0
11/30/09,0
12/1/09,0
12/2/09,0
12/3/09,0
12/4/09,0
12/5/09,0
12/6/09,0
12/7/09,0
12/8/09,0
12/9/09,0
12/10/09,0
12/11/09,0
12/12/09,0
12/13/09,0
12/14/09,0
12/15/09,0
12/16/09,0
12/17/09,0
12/18/09,0
12/19/09,0
12/20/09,0
12/21/09,0
12/22/09,0
12/23/09,0
12/24/09,0
12/25/09,0
12/26/09,0
12/27/09,0
12/28/09,0
12/29/09,0
12/30/09,0
12/31/09,0
1/1/10,0
1/2/10,0
1/3/10,0
1/4/10,0
1/5/10,0
1/6/10,0
1/7/10,0
1/8/10,0
1/9/10,0
1/10/10,0
1/11/10,0
1/12/10,0
1/13/10,0
1/14/10,0
1/15/10,0
1/16/10,0
1/17/10,0
1/18/10,0
1/19/10,0
1/20/10,0
1/21/10,0
1/22/10,0
1/23/10,0
1/24/10,0
1/25/10,0
1/26/10,0
1/27/10,0
1/28/10,0
1/29/10,0
1/30/10,0
1/31/10,0
2/1/10,0
2/2/10,0
2/3/10,0
2/4/10,0
2/5/10,0
2/6/10,0
2/7/10,0
2/8/10,0
2/9/10,0
2/10/10,0
2/11/10,0
2/12/10,0
2/13/10,0
2/14/10,0
2/15/10,0
2/16/10,0
2/17/10,0
2/18/10,0
2/19/10,0
2/20/10,0
2/21/10,0
2/22/10,0
2/23/10,0
2/24/10,0
2/25/10,0
2/26/10,0
2/27/10,0
2/28/10,0
3/1/10,0
3/2/10,0
3/3/10,0
3/4/10,0
3/5/10,0
3/6/10,0
3/7/10,0
3/8/10,0
3/9/10,0
3/10/10,0
3/11/10,0
3/12/10,0
3/13/10,0
3/14/10,0
3/15/10,0
3/16/10,0
3/17/10,0
3/18/10,0
3/19/10,0
3/20/10,0
3/21/10,0
3/22/10,0
3/23/10,0
3/24/10,0
3/25/10,0
3/26/10,0
3/27/10,0
3/28/10,0
3/29/10,0
3/30/10,0
3/31/10,0
4/1/10,0
4/2/10,0
4/3/10,0
4/4/10,0
4/5/10,0
4/6/10,0
4/7/10,0
4/8/10,0
4/9/10,0
4/10/10,0
4/11/10,0
4/12/10,0
4/13/10,0
4/14/10,0
4/15/10,0
4/16/10,0
4/17/10,0
4/18/10,0
4/19/10,0
4/20/10,0
4/21/10,0
4/22/10,0
4/23/10,0
4/24/10,0
4/25/10,0
4/26/10,0
4/27/10,0
4/28/10,0
4/29/10,0
4/30/10,0
5/1/10,0
5/2/10,0
5/3/10,0
5/4/10,0
5/5/10,0
5/6/10,0
5/7/10,0
5/8/10,0
5/9/10,0
5/10/10,0
5/11/10,0
5/12/10,0
5/13/10,0
5/14/10,0
5/15/10,0
5/16/10,0
5/17/10,0
5/18/10,0
5/19/10,0
5/20/10,0
5/21/10,0
5/22/10,0
5/23/10,0
5/24/10,0
5/25/10,0
5/26/10,0
5/27/10,0
5/28/10,0
5/29/10,0
5/30/10,0
5/31/10,0
6/1/10,0
6/2/10,0
6/3/10,0
6/4/10,0
6/5/10,0
6/6/10,0
6/7/10,0
6/8/10,0
6/9/10,0
6/10/10,0
6/11/10,0
6/12/10,0
6/13/10,0
6/14/10,0
6/15/10,0
6/16/10,0
6/17/10,0
6/18/10,0
6/19/10,0
6/20/10,0
6/21/10,0
6/22/10,0
6/23/10,0
6/24/10,0
6/25/10,0
6/26/10,0
6/27/10,0
6/28/10,0
6/29/10,0
6/30/10,0
7/1/10,0
7/2/10,0
7/3/10,0
7/4/10,0
7/5/10,0
7/6/10,0
7/7/10,0
7/8/10,0
7/9/10,0
7/10/10,0
7/11/10,0
7/12/10,0
7/13/10,0
7/14/10,0
7/15/10,0
7/16/10,0
7/17/10,0
7/18/10,0
7/19/10,0
7/20/10,0
7/21/10,0
7/22/10,0
7/23/10,0
7/24/10,0
7/25/10,0
7/26/10,0
7/27/10,0
7/28/10,0
7/29/10,0
7/30/10,0
7/31/10,0
8/1/10,0
8/2/10,0
8/3/10,0
8/4/10,0
8/5/10,0
8/6/10,0
8/7/10,0
8/8/10,0
8/9/10,0
8/10/10,0
8/11/10,0
8/12/10,0
8/13/10,0
8/14/10,0
8/15/10,0
8/16/10,0
8/17/10,0
8/18/10,0
8/19/10,0
8/20/10,0
8/21/10,0
8/22/10,0
8/23/10,0
8/24/10,0
8/25/10,0
8/26/10,0
8/27/10,0
8/28/10,0
8/29/10,0
8/30/10,0
8/31/10,0
9/1/10,0
9/2/10,0
9/3/10,0
9/4/10,0
9/5/10,0
9/6/10,0
9/7/10,0
9/8/10,0
9/9/10,0
9/10/10,0
9/11/10,0
9/12/10,0
9/13/10,0
9/14/10,0
9/15/10,0
9/16/10,0
9/17/10,0
9/18/10,0
9/19/10,0
9/20/10,0
9/21/10,0
9/22/10,0
9/23/10,0
9/24/10,0
9/25/10,0
9/26/10,0
9/27/10,0
9/28/10,0
9/29/10,0
9/30/10,0
10/1/10,0
10/2/10,0
10/3/10,0
10/4/10,0
10/5/10,0
10/6/10,0
10/7/10,0
10/8/10,0
10/9/10,0
10/10/10,0
10/11/10,0
10/12/10,0
10/13/10,0
10/14/10,0
10/15/10,0
10/16/10,0
10/17/10,0
10/18/10,0
10/19/10,0
10/20/10,0
10/21/10,0
10/22/10,0
10/23/10,0
10/24/10,0
10/25/10,0
10/26/10,0
10/27/10,0
10/28/10,0
10/29/10,0
10/30/10,0
10/31/10,0
11/1/10,0
11/2/10,0
11/3/10,0
11/4/10,0
11/5/10,0
11/6/10,0
11/7/10,0
11/8/10,0
11/9/10,0
11/10/10,0
11/11/10,0
11/12/10,0
11/13/10,0
11/14/10,0
11/15/10,0
11/16/10,0
11/17/10,0
11/18/10,0
11/19/10,0
11/20/10,0
11/21/10,0
11/22/10,0
11/23/10,0
11/24/10,0
11/25/10,0
11/26/10,0
11/27/10,0
11/28/10,0
11/29/10,0
11/30/10,0
12/1/10,0
12/2/10,0
12/3/10,0
12/4/10,0
12/5/10,0
12/6/10,0
12/7/10,0
12/8/10,0
12/9/10,0
12/10/10,0
12/11/10,0
12/12/10,0
12/13/10,0
12/14/10,0
12/15/10,0
12/16/10,0
12/17/10,0
12/18/10,0
12/19/10,0
12/20/10,0
12/21/10,0
12/22/10,0
12/23/10,0
12/24/10,0
12/25/10,0
12/26/10,0
12/27/10,0
12/28/10,0
12/29/10,0
12/30/10,0
12/31/10,0
1/1/11,0
1/2/11,0
1/3/11,0
1/4/11,0
1/5/11,0
1/6/11,0
1/7/11,0
1/8/11,0
1/9/11,0
1/10/11,0
1/11/11,0
1/12/11,0
1/13/11,0
1/14/11,0
1/15/11,0
1/16/11,0
1/17/11,0
1/18/11,0
1/19/11,0
1/20/11,0
1/21/11,0
1/22/11,0
1/23/11,0
1/24/11,0
1/25/11,0
1/26/11,0
1/27/11,0
1/28/11,0
1/29/11,0
1/30/11,0
1/31/11,0
2/1/11,0
2/2/11,0
2/3/11,0
2/4/11,0
2/5/11,0
2/6/11,0
2/7/11,0
2/8/11,0
2/9/11,0
2/10/11,0
2/11/11,0
2/12/11,0
2/13/11,0
2/14/11,0
2/15/11,0
2/16/11,0
2/17/11,0
2/18/11,0
2/19/11,0
2/20/11,0
2/21/11,0
2/22/11,0
2/23/11,0
2/24/11,0
2/25/11,0
2/26/11,0
2/27/11,0
2/28/11,0
3/1/11,0
3/2/11,0
3/3/11,0
3/4/11,0
3/5/11,0
3/6/11,0
3/7/11,0
3/8/11,0
3/9/11,0
3/10/11,0
3/11/11,0
3/12/11,0
3/13/11,0
3/14/11,0
3/15/11,0
3/16/11,0
3/17/11,0
3/18/11,0
3/19/11,0
3/20/11,0
3/21/11,0
3/22/11,0
3/23/11,0
3/24/11,0
3/25/11,0
3/26/11,0
3/27/11,0
3/28/11,0
3/29/11,0
3/30/11,0
3/31/11,0
4/1/11,0
4/2/11,0
4/3/11,0
4/4/11,0
4/5/11,0
4/6/11,0
4/7/11,0
4/8/11,0
4/9/11,0
4/10/11,0
4/11/11,0
4/12/11,0
4/13/11,0
4/14/11,0
4/15/11,0
4/16/11,0
4/17/11,0
4/18/11,0
4/19/11,0
4/20/11,0
4/21/11,0
4/22/11,0
4/23/11,0
4/24/11,0
4/25/11,0
4/26/11,0
4/27/11,0
4/28/11,0
4/29/11,0
4/30/11,0
5/1/11,0
5/2/11,0
5/3/11,0
5/4/11,0
5/5/11,0
5/6/11,0
5/7/11,0
5/8/11,0
5/9/11,0
5/10/11,0
5/11/11,0
5/12/11,0
5/13/11,0
5/14/11,0
5/15/11,0
5/16/11,0
5/17/11,0
5/18/11,0
5/19/11,0
5/20/11,0
5/21/11,0
5/22/11,0
5/23/11,0
5/24/11,0
5/25/11,0
5/26/11,0
5/27/11,0
5/28/11,0
5/29/11,0
5/30/11,0
5/31/11,0
6/1/11,0
6/2/11,0
6/3/11,0
6/4/11,0
6/5/11,0
6/6/11,0
6/7/11,0
6/8/11,0
6/9/11,0
6/10/11,0
6/11/11,0
6/12/11,0
6/13/11,0
6/14/11,0
6/15/11,0
6/16/11,0
6/17/11,0
6/18/11,0
6/19/11,0
6/20/11,0
6/21/11,0
6/22/11,0
6/23/11,0
6/24/11,0
6/25/11,0
6/26/11,0
6/27/11,0
6/28/11,0
6/29/11,0
6/30/11,0
7/1/11,0
7/2/11,0
7/3/11,0
7/4/11,0
7/5/11,0
7/6/11,0
7/7/11,0
7/8/11,0
7/9/11,0
7/10/11,0
7/11/11,0
7/12/11,0
7/13/11,0
7/14/11,0
7/15/11,0
7/16/11,0
7/17/11,0
7/18/11,0
7/19/11,0
7/20/11,0
7/21/11,0
7/22/11,0
7/23/11,0
7/24/11,0
7/25/11,0
7/26/11,0
7/27/11,0
7/28/11,0
7/29/11,0
7/30/11,0
7/31/11,0
8/1/11,0
8/2/11,0
8/3/11,0
8/4/11,0
8/5/11,0
8/6/11,0
8/7/11,0
8/8/11,0
8/9/11,0
8/10/11,0
8/11/11,0
8/12/11,0
8/13/11,0
8/14/11,0
8/15/11,0
8/16/11,0
8/17/11,0
8/18/11,0
8/19/11,0
8/20/11,0
8/21/11,0
8/22/11,0
8/23/11,0
8/24/11,0
8/25/11,0
8/26/11,0
8/27/11,0
8/28/11,0
8/29/11,0
8/30/11,0
8/31/11,0
9/1/11,0
9/2/11,0
9/3/11,0
9/4/11,0
9/5/11,0
9/6/11,0
9/7/11,0
9/8/11,0
9/9/11,0
9/10/11,0
9/11/11,0
9/12/11,0
9/13/11,0
9/14/11,0
9/15/11,0
9/16/11,0
9/17/11,0
9/18/11,0
9/19/11,0
9/20/11,0
9/21/11,0
9/22/11,0
9/23/11,0
9/24/11,0
9/25/11,0
9/26/11,0
9/27/11,0
9/28/11,0
9/29/11,0
9/30/11,0
10/1/11,0
10/2/11,0
10/3/11,0
10/4/11,0
10/5/11,0
10/6/11,0
10/7/11,0
10/8/11,0
10/9/11,0
10/10/11,0
10/11/11,0
10/12/11,0
10/13/11,0
10/14/11,0
10/15/11,0
10/16/11,0
10/17/11,0
10/18/11,0
10/19/11,0
10/20/11,0
10/21/11,0
10/22/11,0
10/23/11,0
10/24/11,0
10/25/11,0
10/26/11,0
10/27/11,0
10/28/11,0
10/29/11,0
10/30/11,0
10/31/11,0
11/1/11,0
11/2/11,0
11/3/11,0
11/4/11,0
11/5/11,0
11/6/11,0
11/7/11,0
11/8/11,0
11/9/11,0
11/10/11,0
11/11/11,0
11/12/11,0
11/13/11,0
11/14/11,0
11/15/11,0
11/16/11,0
11/17/11,0
11/18/11,0
11/19/11,0
11/20/11,0
11/21/11,0
11/22/11,0
11/23/11,0
11/24/11,0
11/25/11,0
11/26/11,0
11/27/11,0
11/28/11,0
11/29/11,0
11/30/11,0
12/1/11,0
12/2/11,0
12/3/11,0
12/4/11,0
12/5/11,0
12/6/11,0
12/7/11,0
12/8/11,0
12/9/11,0
12/10/11,0
12/11/11,0
12/12/11,0
12/13/11,0
12/14/11,0
12/15/11,0
12/16/11,0
12/17/11,0
12/18/11,0
12/19/11,0
12/20/11,0
12/21/11,0
12/22/11,0
12/23/11,0
12/24/11,0
12/25/11,0
12/26/11,0
12/27/11,0
12/28/11,0
12/29/11,0
12/30/11,0
12/31/11,0
1/1/12,0
1/2/12,0
1/3/12,0
1/4/12,0
1/5/12,0
1/6/12,0
1/7/12,0
1/8/12,0
1/9/12,0
1/10/12,0
1/11/12,0
1/12/12,0
1/13/12,0
1/14/12,0
1/15/12,0
1/16/12,0
1/17/12,0
1/18/12,0
1/19/12,0
1/20/12,0
1/21/12,0
1/22/12,0
1/23/12,0
1/24/12,0
1/25/12,0
1/26/12,0
1/27/12,0
1/28/12,0
1/29/12,0
1/30/12,0
1/31/12,0
2/1/12,0
2/2/12,0
2/3/12,0
2/4/12,0
2/5/12,0
2/6/12,0
2/7/12,0
2/8/12,0
2/9/12,0
2/10/12,0
2/11/12,0
2/12/12,0
2/13/12,0
2/14/12,0
2/15/12,0
2/16/12,0
2/17/12,0
2/18/12,0
2/19/12,0
2/20/12,0
2/21/12,0
2/22/12,0
2/23/12,0
2/24/12,0
2/25/12,0
2/26/12,0
2/27/12,0
2/28/12,0
2/29/12,0
3/1/12,0
3/2/12,0
3/3/12,0
3/4/12,0
3/5/12,0
3/6/12,0
3/7/12,0
3/8/12,0
3/9/12,0
3/10/12,0
3/11/12,0
3/12/12,0
3/13/12,0
3/14/12,0
3/15/12,0
3/16/12,0
3/17/12,0
3/18/12,0
3/19/12,0
3/20/12,0
3/21/12,0
3/22/12,0
3/23/12,0
3/24/12,0
3/25/12,0
3/26/12,0
3/27/12,0
3/28/12,0
3/29/12,0
3/30/12,0
3/31/12,0
4/1/12,0
4/2/12,0
4/3/12,0
4/4/12,0
4/5/12,0
4/6/12,0
4/7/12,0
4/8/12,0
4/9/12,0
4/10/12,0
4/11/12,0
4/12/12,0
4/13/12,0
4/14/12,0
4/15/12,0
4/16/12,0
4/17/12,0
4/18/12,0
4/19/12,0
4/20/12,0
4/21/12,0
4/22/12,0
4/23/12,0
4/24/12,0
4/25/12,0
4/26/12,0
4/27/12,0
4/28/12,0
4/29/12,0
4/30/12,0
5/1/12,0
5/2/12,0
5/3/12,0
5/4/12,0
5/5/12,0
5/6/12,0
5/7/12,0
5/8/12,0
5/9/12,0
5/10/12,0
5/11/12,0
5/12/12,0
5/13/12,0
5/14/12,0
5/15/12,0
5/16/12,0
5/17/12,0
5/18/12,0
5/19/12,0
5/20/12,0
5/21/12,0
5/22/12,0
5/23/12,0
5/24/12,0
5/25/12,0
5/26/12,0
5/27/12,0
5/28/12,0
5/29/12,0
5/30/12,0
5/31/12,0
6/1/12,0
6/2/12,0
6/3/12,0
6/4/12,0
6/5/12,0
6/6/12,0
6/7/12,0
6/8/12,0
6/9/12,0
6/10/12,0
6/11/12,0
6/12/12,0
6/13/12,0
6/14/12,0
6/15/12,0
6/16/12,0
6/17/12,0
6/18/12,0
6/19/12,0
6/20/12,0
6/21/12,0
6/22/12,0
6/23/12,0
6/24/12,0
6/25/12,0
6/26/12,0
6/27/12,0
6/28/12,0
6/29/12,0
6/30/12,0
7/1/12,0
7/2/12,0
7/3/12,0
7/4/12,0
7/5/12,0
7/6/12,0
7/7/12,0
7/8/12,0
7/9/12,0
7/10/12,0
7/11/12,0
7/12/12,0
7/13/12,0
7/14/12,0
7/15/12,0
7/16/12,0
7/17/12,0
7/18/12,0
7/19/12,0
7/20/12,0
7/21/12,0
7/22/12,0
7/23/12,0
7/24/12,0
7/25/12,0
7/26/12,0
7/27/12,0
7/28/12,0
7/29/12,0
7/30/12,0
7/31/12,0
8/1/12,0
8/2/12,0
8/3/12,0
8/4/12,0
8/5/12,0
8/6/12,0
8/7/12,0
8/8/12,0
8/9/12,0
8/10/12,0
8/11/12,0
8/12/12,0
8/13/12,0
8/14/12,0
8/15/12,0
8/16/12,0
8/17/12,0
8/18/12,0
8/19/12,0
8/20/12,0
8/21/12,0
8/22/12,0
8/23/12,0
8/24/12,0
8/25/12,0
8/26/12,0
8/27/12,0
8/28/12,0
8/29/12,0
8/30/12,0
8/31/12,0
9/1/12,0
9/2/12,0
9/3/12,0
9/4/12,0
9/5/12,0
9/6/12,0
9/7/12,0
9/8/12,0
9/9/12,0
9/10/12,0
9/11/12,0
9/12/12,0
9/13/12,0
9/14/12,0
9/15/12,0
9/16/12,0
9/17/12,0
9/18/12,0
9/19/12,0
9/20/12,0
9/21/12,0
9/22/12,0
9/23/12,0
9/24/12,0
9/25/12,0
9/26/12,0
9/27/12,0
9/28/12,0
9/29/12,0
9/30/12,0
10/1/12,0
10/2/12,0
10/3/12,0
10/4/12,0
10/5/12,0
10/6/12,0
10/7/12,0
10/8/12,0
10/9/12,0
10/10/12,0
10/11/12,0
10/12/12,0
10/13/12,0
10/14/12,0
10/15/12,0
10/16/12,0
10/17/12,0
10/18/12,0
10/19/12,0
10/20/12,0
10/21/12,0
10/22/12,0
10/23/12,0
10/24/12,0
10/25/12,0
10/26/12,0
10/27/12,0
10/28/12,0
10/29/12,0
10/30/12,0
10/31/12,0
11/1/12,0
11/2/12,0
11/3/12,0
11/4/12,0
11/5/12,0
11/6/12,0
11/7/12,0
11/8/12,0
11/9/12,0
11/10/12,0
11/11/12,0
11/12/12,0
11/13/12,0
11/14/12,0
11/15/12,0
11/16/12,0
11/17/12,0
11/18/12,0
11/19/12,0
11/20/12,0
11/21/12,0
11/22/12,0
11/23/12,0
11/24/12,0
11/25/12,0
11/26/12,0
11/27/12,0
11/28/12,0
11/29/12,0
11/30/12,0
12/1/12,0
12/2/12,0
12/3/12,0
12/4/12,0
12/5/12,0
12/6/12,0
12/7/12,0
12/8/12,0
12/9/12,0
12/10/12,0
12/11/12,0
12/12/12,0
12/13/12,0
12/14/12,0
12/15/12,0
12/16/12,0
12/17/12,0
12/18/12,0
12/19/12,0
12/20/12,0
12/21/12,0
12/22/12,0
12/23/12,0
12/24/12,0
12/25/12,0
12/26/12,0
12/27/12,0
12/28/12,0
12/29/12,0
12/30/12,0
12/31/12,0
1/1/13,0
1/2/13,0
1/3/13,0
1/4/13,0
1/5/13,0
1/6/13,0
1/7/13,0
1/8/13,0
1/9/13,0
1/10/13,0
1/11/13,0
1/12/13,0
1/13/13,0
1/14/13,0
1/15/13,0
1/16/13,0
1/17/13,0
1/18/13,0
1/19/13,0
1/20/13,0
1/21/13,0
1/22/13,0
1/23/13,0
1/24/13,0
1/25/13,0
1/26/13,0
1/27/13,0
1/28/13,0
1/29/13,0
1/30/13,0
1/31/13,0
2/1/13,0
2/2/13,0
2/3/13,0
2/4/13,0
2/5/13,0
2/6/13,0
2/7/13,0
2/8/13,0
2/9/13,0
2/10/13,0
2/11/13,0
2/12/13,0
2/13/13,0
2/14/13,0
2/15/13,0
2/16/13,0
2/17/13,0
2/18/13,0
2/19/13,0
2/20/13,0
2/21/13,0
2/22/13,0
2/23/13,0
2/24/13,0
2/25/13,0
2/26/13,0
2/27/13,0
2/28/13,0
3/1/13,0
3/2/13,0
3/3/13,0
3/4/13,0
3/5/13,0
3/6/13,0
3/7/13,0
3/8/13,0
3/9/13,0
3/10/13,0
3/11/13,0
3/12/13,0
3/13/13,0
3/14/13,0
3/15/13,0
3/16/13,0
3/17/13,0
3/18/13,0
3/19/13,0
3/20/13,0
3/21/13,0
3/22/13,0
3/23/13,0
3/24/13,0
3/25/13,0
3/26/13,0
3/27/13,0
3/28/13,0
3/29/13,0
3/30/13,0
3/31/13,0
4/1/13,0
4/2/13,0
4/3/13,0
4/4/13,0
4/5/13,0
4/6/13,0
4/7/13,0
4/8/13,0
4/9/13,0
4/10/13,0
4/11/13,0
4/12/13,0
4/13/13,0
4/14/13,0
4/15/13,0
4/16/13,0
4/17/13,0
4/18/13,0
4/19/13,0
4/20/13,0
4/21/13,0
4/22/13,0
4/23/13,0
4/24/13,0
4/25/13,0
4/26/13,0
4/27/13,0
4/28/13,0
4/29/13,0
4/30/13,0
5/1/13,0
5/2/13,0
5/3/13,0
5/4/13,0
5/5/13,0
5/6/13,0
5/7/13,0
5/8/13,0
5/9/13,0
5/10/13,0
5/11/13,0
5/12/13,0
5/13/13,0
5/14/13,0
5/15/13,0
5/16/13,0
5/17/13,0
5/18/13,0
5/19/13,0
5/20/13,0
5/21/13,0
5/22/13,0
5/23/13,0
5/24/13,0
5/25/13,0
5/26/13,0
5/27/13,0
5/28/13,0
5/29/13,0
5/30/13,0
5/31/13,0
6/1/13,0
6/2/13,0
6/3/13,0
6/4/13,0
6/5/13,0
6/6/13,0
6/7/13,0
6/8/13,0
6/9/13,0
6/10/13,0
6/11/13,0
6/12/13,0
6/13/13,0
6/14/13,0
6/15/13,0
6/16/13,0
6/17/13,0
6/18/13,0
6/19/13,0
6/20/13,0
6/21/13,0
6/22/13,0
6/23/13,0
6/24/13,0
6/25/13,0
6/26/13,0
6/27/13,0
6/28/13,0
6/29/13,0
6/30/13,0
7/1/13,0
7/2/13,0
7/3/13,0
7/4/13,0
7/5/13,0
7/6/13,0
7/7/13,0
7/8/13,0
7/9/13,0
7/10/13,0
7/11/13,0
7/12/13,0
7/13/13,0
7/14/13,0
7/15/13,0
7/16/13,0
7/17/13,0
7/18/13,0
7/19/13,0
7/20/13,0
7/21/13,0
7/22/13,0
7/23/13,0
7/24/13,0
7/25/13,0
7/26/13,0
7/27/13,0
7/28/13,0
7/29/13,0
7/30/13,0
7/31/13,0
8/1/13,0
8/2/13,0
8/3/13,0
8/4/13,0
8/5/13,0
8/6/13,0
8/7/13,0
8/8/13,0
8/9/13,0
8/10/13,0
8/11/13,0
8/12/13,0
8/13/13,0
8/14/13,0
8/15/13,0
8/16/13,0
8/17/13,0
8/18/13,0
8/19/13,0
8/20/13,0
8/21/13,0
8/22/13,0
8/23/13,0
8/24/13,0
8/25/13,0
8/26/13,0
8/27/13,0
8/28/13,0
8/29/13,0
8/30/13,0
8/31/13,0
9/1/13,0
9/2/13,0
9/3/13,0
9/4/13,0
9/5/13,0
9/6/13,0
9/7/13,0
9/8/13,0
9/9/13,0
9/10/13,0
9/11/13,0
9/12/13,200
9/13/13,671
9/14/13,2090
9/15/13,1990
9/16/13,1220
9/17/13,2130
9/18/13,991
9/19/13,1490
9/20/13,1020
9/21/13,751
9/22/13,1460
9/23/13,819
9/24/13,54.8
9/25/13,510
9/26/13,136
9/27/13,2110
9/28/13,1720
9/29/13,1780
9/30/13,316
10/1/13,365
10/2/13,954
10/3/13,869
10/4/13,523
10/5/13,350
10/6/13,132
10/7/13,63.6
10/8/13,1010
10/9/13,468
10/10/13,727
10/11/13,286
10/12/13,737
10/13/13,1190
10/14/13,2850
10/15/13,2920
10/16/13,954
10/17/13,1520
10/18/13,1810
10/19/13,1160
10/20/13,184
10/21/13,584
10/22/13,427
10/23/13,1340
10/24/13,62
10/25/13,644
10/26/13,736
10/27/13,279
10/28/13,925
10/29/13,1720
10/30/13,1370
10/31/13,1240
11/1/13,24
11/2/13,186
11/3/13,1130
11/4/13,1680
11/5/13,6.08
11/6/13,1900
11/7/13,2110
11/8/13,102
11/9/13,1570
11/10/13,1250
11/11/13,135
11/12/13,31.3
11/13/13,3370
11/14/13,850
11/15/13,833
11/16/13,517
11/17/13,352
11/18/13,407
11/19/13,1720
11/20/13,622
11/21/13,1070
11/22/13,1270
11/23/13,709
11/24/13,2050
11/25/13,464
11/26/13,1430
11/27/13,2810
11/28/13,1700
11/29/13,2440
11/30/13,1840
12/1/13,471
12/2/13,268
12/3/13,223
12/4/13,902
12/5/13,950
12/6/13,1500
12/7/13,1370
12/8/13,517
12/9/13,509
12/10/13,1200
12/11/13,1850
12/12/13,152
12/13/13,271
12/14/13,152
12/15/13,925
12/16/13,669
12/17/13,649
12/18/13,491
12/19/13,560
12/20/13,451
12/21/13,324
12/22/13,394
12/23/13,563
12/24/13,41.8
12/25/13,1280
12/26/13,117
12/27/13,529
12/28/13,387
12/29/13,1070
12/30/13,99.3
12/31/13,317
1/1/14,556
1/2/14,1910
1/3/14,1130
1/4/14,250
1/5/14,659
1/6/14,2250
1/7/14,382
1/8/14,800
1/9/14,679
1/10/14,30.2
1/11/14,981
1/12/14,361
1/13/14,1110
1/14/14,998
1/15/14,107
1/16/14,36
1/17/14,929
1/18/14,1090
1/19/14,949
1/20/14,2.01
1/21/14,1320
1/22/14,490
1/23/14,24.8
1/24/14,581
1/25/14,871
1/26/14,894
1/27/14,821
1/28/14,2940
1/29/14,950
1/30/14,1130
1/31/14,543
2/1/14,993
2/2/14,754
2/3/14,1250
2/4/14,267
2/5/14,983
2/6/14,115
2/7/14,1380
2/8/14,696
2/9/14,887
2/10/14,380
2/11/14,3590
2/12/14,4550
2/13/14,3930
2/14/14,319
2/15/14,846
2/16/14,700
2/17/14,342
2/18/14,96.6
2/19/14,487
2/20/14,126
2/21/14,598
2/22/14,80.3
2/23/14,221
2/24/14,317
2/25/14,1080
2/26/14,2160
2/27/14,1820
2/28/14,1430
3/1/14,1040
3/2/14,854
3/3/14,1850
3/4/14,1390
3/5/14,388
3/6/14,1330
3/7/14,1210
3/8/14,1020
3/9/14,147
3/10/14,638
3/11/14,936
3/12/14,65.3
3/13/14,842
3/14/14,1280
3/15/14,124
3/16/14,200
3/17/14,153
3/18/14,0
3/19/14,0
3/20/14,0
3/21/14,1530
3/22/14,1780
3/23/14,1860
3/24/14,2330
3/25/14,188
3/26/14,654
3/27/14,1010
3/28/14,1560
3/29/14,263
3/30/14,1310
3/31/14,80.7
4/1/14,451
4/2/14,759
4/3/14,439
4/4/14,141
4/5/14,194
4/6/14,1140
4/7/14,384
4/8/14,1300
4/9/14,736
4/10/14,148
4/11/14,647
4/12/14,151
4/13/14,336
4/14/14,268
4/15/14,1810
4/16/14,521
4/17/14,1020
4/18/14,396
4/19/14,1520
4/20/14,1330
4/21/14,1380
4/22/14,2070
4/23/14,1530
4/24/14,358
4/25/14,200
4/26/14,630
4/27/14,545
4/28/14,16.4
4/29/14,416
4/30/14,959
5/1/14,491
5/2/14,11.9
5/3/14,270
5/4/14,249
5/5/14,46.2
5/6/14,326
5/7/14,392
5/8/14,1150
5/9/14,1080
5/10/14,1450
5/11/14,1690
5/12/14,1670
5/13/14,1220
5/14/14,479
5/15/14,824
5/16/14,933
5/17/14,243
5/18/14,347
5/19/14,664
5/20/14,252
5/21/14,64.2
5/22/14,770
5/23/14,2110
5/24/14,2910
5/25/14,2180
5/26/14,664
5/27/14,124
5/28/14,73.7
5/29/14,539
5/30/14,664
5/31/14,329
6/1/14,1230
6/2/14,201
6/3/14,302
6/4/14,278
6/5/14,71.4
6/6/14,500
6/7/14,1240
6/8/14,1530
6/9/14,924
6/10/14,1250
6/11/14,1150
6/12/14,407
6/13/14,187
6/14/14,19.4
6/15/14,68.4
6/16/14,34.2
6/17/14,344
6/18/14,103
6/19/14,284
6/20/14,784
6/21/14,1310
6/22/14,1100
6/23/14,2460
6/24/14,1450
6/25/14,326
6/26/14,306
6/27/14,133
6/28/14,574
6/29/14,566
6/30/14,299
7/1/14,686
7/2/14,570
7/3/14,1120
7/4/14,688
7/5/14,970
7/6/14,1760
7/7/14,911
7/8/14,445
7/9/14,1100
7/10/14,856
7/11/14,510
7/12/14,99.1
7/13/14,732
7/14/14,1450
7/15/14,1110
7/16/14,1140
7/17/14,134
7/18/14,296
7/19/14,576
7/20/14,338
7/21/14,921
7/22/14,1580
7/23/14,547
7/24/14,297
7/25/14,14
7/26/14,590
7/27/14,425
7/28/14,639
7/29/14,549
7/30/14,367
7/31/14,136
8/1/14,299
8/2/14,154
8/3/14,96.8
8/4/14,659
8/5/14,1170
8/6/14,820
8/7/14,1340
8/8/14,1760
8/9/14,367
8/10/14,678
8/11/14,1000
8/12/14,1520
8/13/14,1420
8/14/14,146
8/15/14,1.03
8/16/14,136
8/17/14,540
8/18/14,509
8/19/14,492
8/20/14,1300
8/21/14,1600
8/22/14,851
8/23/14,752
8/24/14,3080
8/25/14,1690
8/26/14,340
8/27/14,1390
8/28/14,1860
8/29/14,1350
8/30/14,800
8/31/14,637
9/1/14,178
9/2/14,0
9/3/14,988
9/4/14,1410
9/5/14,989
9/6/14,443
9/7/14,466
9/8/14,611
9/9/14,1350
9/10/14,1530
9/11/14,1570
9/12/14,1200
9/13/14,919
9/14/14,469
9/15/14,636
9/16/14,0
9/17/14,0
9/18/14,0
9/19/14,1830
9/20/14,2580
9/21/14,806
9/22/14,1500
9/23/14,1980
9/24/14,1340
9/25/14,945
9/26/14,1490
9/27/14,2090
9/28/14,505
9/29/14,1120
9/30/14,531
10/1/14,1290
10/2/14,1130
10/3/14,381
10/4/14,459
10/5/14,1560
10/6/14,1120
10/7/14,90.8
10/8/14,627
10/9/14,0
10/10/14,0
10/11/14,0
10/12/14,0
10/13/14,0
10/14/14,0
10/15/14,228
10/16/14,553
10/17/14,993
10/18/14,568
10/19/14,2740
10/20/14,1170
10/21/14,1510
10/22/14,0
10/23/14,0
10/24/14,632
10/25/14,667
10/26/14,41.4
10/27/14,157
10/28/14,290
10/29/14,17.3
10/30/14,652
10/31/14,2150
11/1/14,1690
11/2/14,2110
11/3/14,2200
11/4/14,1250
11/5/14,233
11/6/14,108
11/7/14,887
11/8/14,425
11/9/14,358
11/10/14,810
11/11/14,42.4
11/12/14,1000
11/13/14,156
11/14/14,1000
11/15/14,2190
11/16/14,136
11/17/14,1450
11/18/14,812
11/19/14,1730
11/20/14,927
11/21/14,1460
11/22/14,1990
11/23/14,221
11/24/14,605
11/25/14,736
11/26/14,2060
11/27/14,1420
11/28/14,1130
11/29/14,170
11/30/14,188
12/1/14,661
12/2/14,1540
12/3/14,1730
12/4/14,1820
12/5/14,2490
12/6/14,593
12/7/14,1870
12/8/14,1520
12/9/14,1880
12/10/14,896
12/11/14,564
12/12/14,71.7
12/13/14,140
12/14/14,683
12/15/14,740
12/16/14,13.9
12/17/14,1060
12/18/14,1120
12/19/14,1420
12/20/14,2150
12/21/14,1490
12/22/14,1100
12/23/14,2130
12/24/14,3340
12/25/14,4450
12/26/14,3170
12/27/14,2960
12/28/14,3500
12/29/14,2570
12/30/14,70
12/31/14,2080
1/1/15,630
1/2/15,285
1/3/15,870
1/4/15,1930
1/5/15,118
1/6/15,340
1/7/15,603
1/8/15,1660
1/9/15,416
1/10/15,946
1/11/15,449
1/12/15,394
1/13/15,785
1/14/15,1880
1/15/15,593
1/16/15,1200
1/17/15,1550
1/18/15,450
1/19/15,936
1/20/15,563
1/21/15,543
1/22/15,183
1/23/15,184
1/24/15,3990
1/25/15,622
1/26/15,2330
1/27/15,120
1/28/15,1060
1/29/15,1280
1/30/15,418
1/31/15,2540
2/1/15,875
2/2/15,1870
2/3/15,2470
2/4/15,933
2/5/15,262
2/6/15,400
2/7/15,900
2/8/15,1600
2/9/15,915
2/10/15,673
2/11/15,1020
2/12/15,1150
2/13/15,1390
2/14/15,218
2/15/15,1270
2/16/15,1800
2/17/15,493
2/18/15,0
2/19/15,454
2/20/15,965
2/21/15,197
2/22/15,994
2/23/15,327
2/24/15,941
2/25/15,13.8
2/26/15,1450
2/27/15,1690
2/28/15,2900
3/1/15,202
3/2/15,194
3/3/15,940
3/4/15,34
3/5/15,586
3/6/15,2170
3/7/15,479
3/8/15,1660
3/9/15,38.6
3/10/15,170
3/11/15,154
3/12/15,760
3/13/15,770
3/14/15,747
3/15/15,795
3/16/15,0
3/17/15,0
3/18/15,0
3/19/15,0
3/20/15,202
3/21/15,725
3/22/15,471
3/23/15,264
3/24/15,613
3/25/15,1380
3/26/15,885
3/27/15,894
3/28/15,660
3/29/15,1540
3/30/15,217
3/31/15,925
4/1/15,1030
4/2/15,1260
4/3/15,58.7
4/4/15,229
4/5/15,1390
4/6/15,118
4/7/15,207
4/8/15,1.28
4/9/15,28.3
4/10/15,80.3
4/11/15,17.6
4/12/15,1060
4/13/15,921
4/14/15,795
4/15/15,1380
4/16/15,3270
4/17/15,134
4/18/15,662
4/19/15,980
4/20/15,1330
4/21/15,897
4/22/15,230
4/23/15,374
4/24/15,1530
4/25/15,359
4/26/15,152
4/27/15,3190
4/28/15,1970
4/29/15,2170
4/30/15,173
5/1/15,723
5/2/15,1270
5/3/15,215
5/4/15,95.8
5/5/15,95.3
5/6/15,158
5/7/15,227
5/8/15,178
5/9/15,1090
5/10/15,980
5/11/15,426
5/12/15,529
5/13/15,1520
5/14/15,3130
5/15/15,1130
5/16/15,52.2
5/17/15,728
5/18/15,809
5/19/15,1500
5/20/15,1130
5/21/15,717
5/22/15,588
5/23/15,317
5/24/15,49.6
5/25/15,408
5/26/15,227
5/27/15,751
5/28/15,1330
5/29/15,1740
5/30/15,1540
5/31/15,567
6/1/15,79
6/2/15,437
6/3/15,485
6/4/15,434
6/5/15,1020
6/6/15,1140
6/7/15,678
6/8/15,965
6/9/15,922
6/10/15,511
6/11/15,838
6/12/15,439
6/13/15,509
6/14/15,891
6/15/15,380
6/16/15,388
6/17/15,768
6/18/15,574
6/19/15,1820
6/20/15,637
6/21/15,816
6/22/15,1050
6/23/15,926
6/24/15,248
6/25/15,463
6/26/15,720
6/27/15,377
6/28/15,513
6/29/15,1520
6/30/15,648
7/1/15,373
7/2/15,801
7/3/15,1100
7/4/15,1330
7/5/15,1510
7/6/15,783
7/7/15,846
7/8/15,521
7/9/15,190
7/10/15,579
7/11/15,867
7/12/15,855
7/13/15,1340
7/14/15,662
7/15/15,1110
7/16/15,222
7/17/15,91.1
7/18/15,659
7/19/15,1210
7/20/15,1760
7/21/15,1280
7/22/15,520
7/23/15,234
7/24/15,64.1
7/25/15,3140
7/26/15,1010
7/27/15,297
7/28/15,0
7/29/15,365
7/30/15,829
7/31/15,1460
8/1/15,1530
8/2/15,830
8/3/15,1600
8/4/15,1550
8/5/15,1020
8/6/15,324
8/7/15,449
8/8/15,1900
8/9/15,1620
8/10/15,884
8/11/15,474
8/12/15,545
8/13/15,314
8/14/15,578
8/15/15,743
8/16/15,1290
8/17/15,1250
8/18/15,1070
8/19/15,1230
8/20/15,937
8/21/15,152
8/22/15,587
8/23/15,501
8/24/15,417
8/25/15,835
8/26/15,504
8/27/15,690
8/28/15,621
8/29/15,132
8/30/15,1520
8/31/15,2240
9/1/15,1540
9/2/15,2210
9/3/15,1660
9/4/15,1110
9/5/15,107
9/6/15,1970
9/7/15,791
9/8/15,403
9/9/15,934
9/10/15,997
9/11/15,991
9/12/15,778
9/13/15,269
9/14/15,346
9/15/15,222
9/16/15,2800
9/17/15,1560
9/18/15,1310
9/19/15,2990
9/20/15,4270
9/21/15,2690
9/22/15,1410
9/23/15,4110
9/24/15,1660
9/25/15,2190
9/26/15,325
9/27/15,834
9/28/15,1060
9/29/15,1670
9/30/15,1330
10/1/15,265
10/2/15,1790
10/3/15,1160
10/4/15,1070
10/5/15,3240
10/6/15,3050
10/7/15,1530
10/8/15,521
10/9/15,645
10/10/15,798
10/11/15,737
10/12/15,554
10/13/15,1360
10/14/15,766
10/15/15,697
10/16/15,222
10/17/15,939
10/18/15,1790
10/19/15,1250
10/20/15,57.9
10/21/15,240
10/22/15,1000
10/23/15,1460
10/24/15,1710
10/25/15,1660
10/26/15,1380
10/27/15,776
10/28/15,2620
10/29/15,2450
10/30/15,1480
10/31/15,310
11/1/15,44.6
11/2/15,780
11/3/15,174
11/4/15,745
11/5/15,1250
11/6/15,960
11/7/15,1290
11/8/15,5230
11/9/15,2930
11/10/15,2910
11/11/15,1620
11/12/15,766
11/13/15,280
11/14/15,1220
11/15/15,16.3
11/16/15,246
11/17/15,74.8
11/18/15,509
11/19/15,1440
11/20/15,2200
11/21/15,1900
11/22/15,1290
11/23/15,707
11/24/15,1590
11/25/15,1010
11/26/15,1160
11/27/15,1460
11/28/15,1080
11/29/15,1090
11/30/15,535
12/1/15,87.5
12/2/15,139
12/3/15,971
12/4/15,4200
12/5/15,1940
12/6/15,46.1
12/7/15,600
12/8/15,220
12/9/15,183
12/10/15,394
12/11/15,494
12/12/15,285
12/13/15,66.6
12/14/15,729
12/15/15,802
12/16/15,120
12/17/15,560
12/18/15,1490
12/19/15,903
12/20/15,1310
12/21/15,1190
12/22/15,539
12/23/15,279
12/24/15,505
12/25/15,520
12/26/15,64.4
12/27/15,102
12/28/15,362
12/29/15,855
12/30/15,492
12/31/15,394
1/1/16,198
1/2/16,837
1/3/16,169
1/4/16,1330
1/5/16,2440
1/6/16,1500
1/7/16,875
1/8/16,191
1/9/16,80.8
1/10/16,3550
1/11/16,21.8
1/12/16,871
1/13/16,804
1/14/16,355
1/15/16,1450
1/16/16,1020
1/17/16,678
1/18/16,845
1/19/16,568
1/20/16,1140
1/21/16,251
1/22/16,723
1/23/16,112
1/24/16,1540
1/25/16,636
1/26/16,152
1/27/16,215
1/28/16,135
1/29/16,2100
1/30/16,326
1/31/16,0
2/1/16,0
2/2/16,0
2/3/16,188
2/4/16,1310
2/5/16,395
2/6/16,3240
2/7/16,218
2/8/16,2160
2/9/16,3300
2/10/16,2520
2/11/16,1080
2/12/16,1600
2/13/16,25
2/14/16,37.4
2/15/16,921
2/16/16,1420
2/17/16,163
2/18/16,1590
2/19/16,984
2/20/16,342
2/21/16,242
2/22/16,628
2/23/16,1000
2/24/16,3040
2/25/16,1100
2/26/16,187
2/27/16,288
2/28/16,688
2/29/16,680
3/1/16,96.4
3/2/16,515
3/3/16,1010
3/4/16,979
3/5/16,1720
3/6/16,1700
3/7/16,968
3/8/16,723
3/9/16,30.4
3/10/16,848
3/11/16,1430
3/12/16,1060
3/13/16,1460
3/14/16,1260
3/15/16,456
3/16/16,175
3/17/16,405
3/18/16,1260
3/19/16,1580
3/20/16,1030
3/21/16,55.8
3/22/16,575
3/23/16,511
3/24/16,185
3/25/16,912
3/26/16,483
3/27/16,118
3/28/16,918
3/29/16,84.4
3/30/16,461
3/31/16,827
4/1/16,730
4/2/16,809
4/3/16,1200
4/4/16,1300
4/5/16,2120
4/6/16,615
4/7/16,1530
4/8/16,1020
4/9/16,1280
4/10/16,116
4/11/16,1110
4/12/16,990
4/13/16,865
4/14/16,2750
4/15/16,2520
4/16/16,215
4/17/16,796
4/18/16,884
4/19/16,861
4/20/16,429
4/21/16,514
4/22/16,623
4/23/16,571
4/24/16,341
4/25/16,403
4/26/16,740
4/27/16,716
4/28/16,661
4/29/16,67.2
4/30/16,834
5/1/16,1170
5/2/16,768
5/3/16,614
5/4/16,1310
5/5/16,413
5/6/16,98.9
5/7/16,1730
5/8/16,2150
5/9/16,1290
5/10/16,1240
5/11/16,813
5/12/16,747
5/13/16,128
5/14/16,719
5/15/16,1170
5/16/16,1360
5/17/16,328
5/18/16,393
5/19/16,634
5/20/16,863
5/21/16,1140
5/22/16,758
5/23/16,111
5/24/16,831
5/25/16,999
5/26/16,853
5/27/16,383
5/28/16,0.21
5/29/16,1160
5/30/16,271
5/31/16,1220
6/1/16,1310
6/2/16,786
6/3/16,3.49
6/4/16,177
6/5/16,1400
6/6/16,2300
6/7/16,2170
6/8/16,1450
6/9/16,647
6/10/16,527
6/11/16,582
6/12/16,0
6/13/16,0
6/14/16,0
6/15/16,0
6/16/16,719
6/17/16,1900
6/18/16,2230
6/19/16,106
6/20/16,1510
6/21/16,1400
6/22/16,1250
6/23/16,612
6/24/16,791
6/25/16,846
6/26/16,703
6/27/16,49.9
6/28/16,0.69
6/29/16,61.2
6/30/16,549
7/1/16,54.8
7/2/16,239
7/3/16,1430
7/4/16,1070
7/5/16,1740
7/6/16,1170
7/7/16,1530
7/8/16,1050
7/9/16,598
7/10/16,372
7/11/16,203
7/12/16,55.8
7/13/16,520
7/14/16,124
7/15/16,245
7/16/16,706
7/17/16,559
7/18/16,249
7/19/16,385
7/20/16,665
7/21/16,859
7/22/16,1030
7/23/16,1430
7/24/16,1280
7/25/16,1060
7/26/16,1050
7/27/16,407
7/28/16,272
7/29/16,78.9
7/30/16,516
7/31/16,475
8/1/16,738
8/2/16,1040
8/3/16,1370
8/4/16,0
8/5/16,1770
8/6/16,1920
8/7/16,1330
8/8/16,808
8/9/16,702
8/10/16,394
8/11/16,88.3
8/12/16,324
8/13/16,162
8/14/16,354
8/15/16,509
8/16/16,684
8/17/16,95
8/18/16,940
8/19/16,1280
8/20/16,1370
8/21/16,1860
8/22/16,1110
8/23/16,59.3
8/24/16,163
8/25/16,343
8/26/16,12.5
8/27/16,986
8/28/16,484
8/29/16,792
8/30/16,61.8
8/31/16,1880
9/1/16,1210
9/2/16,4610
9/3/16,447
9/4/16,607
9/5/16,536
9/6/16,1300
9/7/16,1150
9/8/16,720
9/9/16,356
9/10/16,225
9/11/16,5.71
9/12/16,924
9/13/16,2550
9/14/16,1950
9/15/16,536
9/16/16,175
9/17/16,1110
9/18/16,2000
9/19/16,2430
9/20/16,1420
9/21/16,1390
9/22/16,1010
9/23/16,575
9/24/16,149
9/25/16,951
9/26/16,874
9/27/16,202
9/28/16,1120
9/29/16,1070
9/30/16,916
10/1/16,202
10/2/16,428
10/3/16,289
10/4/16,438
10/5/16,828
10/6/16,2320
10/7/16,0
10/8/16,0
10/9/16,0
10/10/16,0
10/11/16,0
10/12/16,217
10/13/16,2210
10/14/16,1790
10/15/16,171
10/16/16,1460
10/17/16,2580
10/18/16,2320
10/19/16,1790
10/20/16,931
10/21/16,1570
10/22/16,58.4
10/23/16,559
10/24/16,483
10/25/16,0
10/26/16,1810
10/27/16,92.2
10/28/16,298
10/29/16,557
10/30/16,32.6
10/31/16,26.6
11/1/16,1140
11/2/16,159
11/3/16,662
11/4/16,631
11/5/16,996
11/6/16,133
11/7/16,128
11/8/16,268
11/9/16,13.1
11/10/16,1520
11/11/16,23.2
11/12/16,3440
11/13/16,217
11/14/16,2030
11/15/16,1750
11/16/16,1470
11/17/16,1640
11/18/16,1470
11/19/16,1570
11/20/16,371
11/21/16,250
11/22/16,414
11/23/16,417
11/24/16,293
11/25/16,584
11/26/16,1130
11/27/16,1850
11/28/16,411
11/29/16,1060
11/30/16,532
12/1/16,552
12/2/16,132
12/3/16,230
12/4/16,193
12/5/16,914
12/6/16,1610
12/7/16,443
12/8/16,617
12/9/16,681
12/10/16,546
12/11/16,174
12/12/16,1070
12/13/16,258
12/14/16,9.94
12/15/16,832
12/16/16,778
12/17/16,1860
12/18/16,2170
12/19/16,536
12/20/16,539
12/21/16,644
12/22/16,460
12/23/16,959
12/24/16,123
12/25/16,126
12/26/16,921
12/27/16,767
12/28/16,134
12/29/16,963
12/30/16,230
12/31/16,369
1/1/17,273
1/2/17,845
1/3/17,1810
1/4/17,565
1/5/17,26.3
1/6/17,316
1/7/17,1190
1/8/17,561
1/9/17,497
1/10/17,803
1/11/17,224
1/12/17,363
1/13/17,551
1/14/17,729
1/15/17,619
1/16/17,563
1/17/17,559
1/18/17,896
1/19/17,426
1/20/17,49.6
1/21/17,110
1/22/17,37.3
1/23/17,1380
1/24/17,1070
1/25/17,384
1/26/17,277
1/27/17,354
1/28/17,427
1/29/17,722
1/30/17,81.6
1/31/17,485
2/1/17,248
2/2/17,216
2/3/17,227
2/4/17,1630
2/5/17,1100
2/6/17,113
2/7/17,603
2/8/17,45.3
2/9/17,48.2
2/10/17,1550
2/11/17,326
2/12/17,551
2/13/17,195
2/14/17,154
2/15/17,1180
2/16/17,391
2/17/17,6.05
2/18/17,45.1
2/19/17,82.5
2/20/17,515
2/21/17,1370
2/22/17,1370
2/23/17,1410
2/24/17,13.7
2/25/17,1220
2/26/17,226
2/27/17,133
2/28/17,540
3/1/17,1030
3/2/17,615
3/3/17,673
3/4/17,119
3/5/17,476
3/6/17,191
3/7/17,576
3/8/17,508
3/9/17,1500
3/10/17,126
3/11/17,1630
3/12/17,542
3/13/17,966
3/14/17,3370
3/15/17,469
3/16/17,134
3/17/17,138
3/18/17,596
3/19/17,832
3/20/17,187
3/21/17,125
3/22/17,1350
3/23/17,1890
3/24/17,674
3/25/17,380
3/26/17,1050
3/27/17,375
3/28/17,687
3/29/17,876
3/30/17,323
3/31/17,2140
4/1/17,1360
4/2/17,479
4/3/17,1320
4/4/17,1330
4/5/17,226
4/6/17,1390
4/7/17,474
4/8/17,2460
4/9/17,970
4/10/17,567
4/11/17,404
4/12/17,0
4/13/17,942
4/14/17,475
4/15/17,642
4/16/17,995
4/17/17,676
4/18/17,481
4/19/17,194
4/20/17,104
4/21/17,117
4/22/17,207
4/23/17,1220
4/24/17,777
4/25/17,441
4/26/17,517
4/27/17,997
4/28/17,1490
4/29/17,1500
4/30/17,1280
5/1/17,1720
5/2/17,1250
5/3/17,540
5/4/17,96.3
5/5/17,1980
5/6/17,216
5/7/17,557
5/8/17,316
5/9/17,406
5/10/17,370
5/11/17,1060
5/12/17,649
5/13/17,894
5/14/17,484
5/15/17,1220
5/16/17,812
5/17/17,829
5/18/17,565
5/19/17,502
5/20/17,60.8
5/21/17,200
5/22/17,1020
5/23/17,18.7
5/24/17,2320
5/25/17,1240
5/26/17,929
5/27/17,1370
5/28/17,1780
5/29/17,1410
5/30/17,1850
5/31/17,1170
6/1/17,696
6/2/17,761
6/3/17,542
6/4/17,1530
6/5/17,258
6/6/17,161
6/7/17,320
6/8/17,2420
6/9/17,436
6/10/17,2.07
6/11/17,236
6/12/17,353
6/13/17,630
6/14/17,1690
6/15/17,2200
6/16/17,1480
6/17/17,1950
6/18/17,1840
6/19/17,572
6/20/17,675
6/21/17,874
6/22/17,263
6/23/17,350
6/24/17,987
6/25/17,937
6/26/17,247
6/27/17,526
6/28/17,112
6/29/17,516
6/30/17,805
7/1/17,623
7/2/17,14.8
7/3/17,733
7/4/17,991
7/5/17,724
7/6/17,410
7/7/17,515
7/8/17,394
7/9/17,923
7/10/17,328
7/11/17,230
7/12/17,328
7/13/17,128
7/14/17,38.2
7/15/17,125
7/16/17,81.7
7/17/17,270
7/18/17,501
7/19/17,1350
7/20/17,1510
7/21/17,1690
7/22/17,18.9
7/23/17,658
7/24/17,753
7/25/17,472
7/26/17,272
7/27/17,535
7/28/17,1440
7/29/17,1120
7/30/17,1460
7/31/17,2470
8/1/17,1410
8/2/17,96
8/3/17,2490
8/4/17,1190
8/5/17,708
8/6/17,137
8/7/17,236
8/8/17,1140
8/9/17,1080
8/10/17,701
8/11/17,970
8/12/17,1690
8/13/17,2460
8/14/17,1920
8/15/17,895
8/16/17,3.01
8/17/17,859
8/18/17,1020
8/19/17,237
8/20/17,679
8/21/17,369
8/22/17,138
8/23/17,252
8/24/17,327
8/25/17,751
8/26/17,1190
8/27/17,2600
8/28/17,48.4
8/29/17,552
8/30/17,970
8/31/17,1020
9/1/17,344
9/2/17,903
9/3/17,1640
9/4/17,784
9/5/17,1060
9/6/17,36.4
9/7/17,1650
9/8/17,1530
9/9/17,2730
9/10/17,4880
9/11/17,0
9/12/17,0
9/13/17,0
9/14/17,0
9/15/17,0
9/16/17,0
9/17/17,0
9/18/17,0
9/19/17,0
9/20/17,0
9/21/17,0
9/22/17,0
9/23/17,0
9/24/17,0
9/25/17,0
9/26/17,0
9/27/17,444
9/28/17,413
9/29/17,111
9/30/17,3960
10/1/17,2770
10/2/17,2190
10/3/17,238
10/4/17,126
10/5/17,210
10/6/17,1840
10/7/17,1470
10/8/17,1830
10/9/17,1660
10/10/17,1350
10/11/17,1590
10/12/17,743
10/13/17,922
10/14/17,1990
10/15/17,311
10/16/17,37.7
10/17/17,4420
10/18/17,156
10/19/17,1040
10/20/17,1830
10/21/17,1710
10/22/17,1270
10/23/17,1870
10/24/17,949
10/25/17,1050
10/26/17,553
10/27/17,241
10/28/17,441
10/29/17,1390
10/30/17,815
10/31/17,612
11/1/17,1540
11/2/17,716
11/3/17,956
11/4/17,929
11/5/17,811
11/6/17,974
11/7/17,973
11/8/17,799
11/9/17,261
11/10/17,74.9
11/11/17,2830
11/12/17,792
11/13/17,727
11/14/17,1660
11/15/17,847
11/16/17,661
11/17/17,119
11/18/17,1090
11/19/17,1610
11/20/17,833
11/21/17,842
11/22/17,945
11/23/17,709
11/24/17,57.1
11/25/17,1630
11/26/17,975
11/27/17,83.7
11/28/17,78.2
11/29/17,37.7
11/30/17,950
12/1/17,656
12/2/17,1250
12/3/17,1230
12/4/17,282
12/5/17,763
12/6/17,1800
12/7/17,573
12/8/17,1110
12/9/17,3280
12/10/17,2200
12/11/17,1270
12/12/17,1450
12/13/17,460
12/14/17,567
12/15/17,313
12/16/17,520
12/17/17,281
12/18/17,679
12/19/17,508
12/20/17,505
12/21/17,637
12/22/17,629
12/23/17,1610
12/24/17,1430
12/25/17,483
12/26/17,297
12/27/17,694
12/28/17,2060
12/29/17,10.8
12/30/17,874
12/31/17,1190
1/1/18,3710
1/2/18,534
1/3/18,1140
1/4/18,3140
1/5/18,1680
1/6/18,1040
1/7/18,408
1/8/18,1410
1/9/18,892
1/10/18,413
1/11/18,339
1/12/18,826
1/13/18,364
1/14/18,1570
1/15/18,704
1/16/18,93.7
1/17/18,1040
1/18/18,489
1/19/18,715
1/20/18,729
1/21/18,645
1/22/18,459
1/23/18,1720
1/24/18,966
1/25/18,234
1/26/18,262
1/27/18,281
1/28/18,531
1/29/18,25.8
1/30/18,841
1/31/18,531
2/1/18,526
2/2/18,1520
2/3/18,96.1
2/4/18,2150
2/5/18,2160
2/6/18,1670
2/7/18,2030
2/8/18,1000
2/9/18,251
2/10/18,662
2/11/18,446
2/12/18,617
2/13/18,2040
2/14/18,532
2/15/18,566
2/16/18,835
2/17/18,27.5
2/18/18,206
2/19/18,195
2/20/18,864
2/21/18,1080
2/22/18,1010
2/23/18,775
2/24/18,239
2/25/18,14.1
2/26/18,978
2/27/18,3960
2/28/18,345
3/1/18,1000
3/2/18,84.8
3/3/18,743
3/4/18,533
3/5/18,460
3/6/18,806
3/7/18,1080
3/8/18,579
3/9/18,406
3/10/18,753
3/11/18,339
3/12/18,48.8
3/13/18,1780
3/14/18,30.8
3/15/18,531
3/16/18,112
3/17/18,792
3/18/18,277
3/19/18,137
3/20/18,1770
3/21/18,1320
3/22/18,232
3/23/18,363
3/24/18,579
3/25/18,71.7
3/26/18,3300
3/27/18,1370
3/28/18,170
3/29/18,395
3/30/18,157
3/31/18,1450
4/1/18,395
4/2/18,1020
4/3/18,802
4/4/18,1180
4/5/18,87.1
4/6/18,810
4/7/18,1440
4/8/18,273
4/9/18,61.4
4/10/18,974
4/11/18,204
4/12/18,278
4/13/18,141
4/14/18,910
4/15/18,563
4/16/18,801
4/17/18,485
4/18/18,302
4/19/18,921
4/20/18,1180
4/21/18,1270
4/22/18,1030
4/23/18,1820
4/24/18,960
4/25/18,34.7
4/26/18,1050
4/27/18,1040
4/28/18,757
4/29/18,878
4/30/18,117
5/1/18,625
5/2/18,553
5/3/18,499
5/4/18,545
5/5/18,269
5/6/18,871
5/7/18,461
5/8/18,98.1
5/9/18,80.7
5/10/18,114
5/11/18,596
5/12/18,1120
5/13/18,1670
5/14/18,1250
5/15/18,800
5/16/18,958
5/17/18,1570
5/18/18,886
5/19/18,1310
5/20/18,951
5/21/18,927
5/22/18,667
5/23/18,140
5/24/18,548
5/25/18,1040
5/26/18,708
5/27/18,831
5/28/18,990
5/29/18,1550
5/30/18,1180
5/31/18,2100
6/1/18,2190
6/2/18,3490
6/3/18,3240
6/4/18,2610
6/5/18,1760
6/6/18,1660
6/7/18,1010
6/8/18,717
6/9/18,69.6
6/10/18,326
6/11/18,225
6/12/18,1030
6/13/18,313
6/14/18,1130
6/15/18,1330
6/16/18,1330
6/17/18,1270
6/18/18,2020
6/19/18,1960
6/20/18,1610
6/21/18,781
6/22/18,4.51
6/23/18,67.8
6/24/18,139
6/25/18,117
6/26/18,459
6/27/18,331
6/28/18,1010
6/29/18,1720
6/30/18,1930
7/1/18,2090
7/2/18,1710
7/3/18,1050
7/4/18,960
7/5/18,1380
7/6/18,1330
7/7/18,813
7/8/18,1250
7/9/18,1470
7/10/18,557
7/11/18,49.7
7/12/18,73.1
7/13/18,187
7/14/18,187
7/15/18,593
7/16/18,1120
7/17/18,1570
7/18/18,1430
7/19/18,441
7/20/18,669
7/21/18,167
7/22/18,540
7/23/18,773
7/24/18,1.98
7/25/18,386
7/26/18,430
7/27/18,742
7/28/18,145
7/29/18,1000
7/30/18,2000
7/31/18,1880
8/1/18,1700
8/2/18,2570
8/3/18,3360
8/4/18,2870
8/5/18,2480
8/6/18,1490
8/7/18,721
8/8/18,948
8/9/18,260
8/10/18,867
8/11/18,73.4
8/12/18,968
8/13/18,1030
8/14/18,717
8/15/18,823
8/16/18,799
8/17/18,923
8/18/18,632
8/19/18,96.5
8/20/18,462
8/21/18,729
8/22/18,331
8/23/18,1630
8/24/18,2920
8/25/18,797
8/26/18,506
8/27/18,617
8/28/18,856
8/29/18,299
8/30/18,419
8/31/18,146
9/1/18,355
9/2/18,32.3
9/3/18,15.1
9/4/18,349
9/5/18,1410
9/6/18,1890
9/7/18,1000
9/8/18,846
9/9/18,862
9/10/18,278
9/11/18,167
9/12/18,86.3
9/13/18,204
9/14/18,2020
9/15/18,1810
9/16/18,131
9/17/18,161
9/18/18,444
9/19/18,547
9/20/18,964
9/21/18,1390
9/22/18,774
9/23/18,773
9/24/18,893
9/25/18,435
9/26/18,24
9/27/18,473
9/28/18,441
9/29/18,377
9/30/18,572
10/1/18,566
10/2/18,938
10/3/18,235
10/4/18,996
10/5/18,995
10/6/18,1330
10/7/18,2030
10/8/18,1110
10/9/18,75.6
10/10/18,2090
10/11/18,3050
10/12/18,259
10/13/18,391
10/14/18,183
10/15/18,592
10/16/18,802
10/17/18,551
10/18/18,2320
10/19/18,170
10/20/18,369
10/21/18,1820
10/22/18,1090
10/23/18,620
10/24/18,1310
10/25/18,326
10/26/18,1780
10/27/18,1630
10/28/18,743
10/29/18,428
10/30/18,79.7
10/31/18,493
11/1/18,254
11/2/18,8.65
11/3/18,843
11/4/18,2120
11/5/18,296
11/6/18,9.48
11/7/18,453
11/8/18,141
11/9/18,556
11/10/18,935
11/11/18,399
11/12/18,832
11/13/18,1760
11/14/18,1230
11/15/18,2020
11/16/18,699
11/17/18,689
11/18/18,1240
11/19/18,653
11/20/18,489
11/21/18,1090
11/22/18,2650
11/23/18,1980
11/24/18,2550
11/25/18,2130
11/26/18,3260
11/27/18,2490
11/28/18,463
11/29/18,427
11/30/18,186
12/1/18,233
12/2/18,282
12/3/18,378
12/4/18,387
12/5/18,248
12/6/18,774
12/7/18,349
12/8/18,1460
12/9/18,299
12/10/18,1340
12/11/18,734
12/12/18,0
12/13/18,850
12/14/18,1010
12/15/18,2260
12/16/18,1980
12/17/18,747
12/18/18,391
12/19/18,1460
12/20/18,438
12/21/18,4100
12/22/18,51.8
12/23/18,455
12/24/18,0
12/25/18,0
12/26/18,0
12/27/18,0
12/28/18,0
12/29/18,0
12/30/18,0
12/31/18,0
1/1/19,0
1/2/19,0
1/3/19,0
1/4/19,0
1/5/19,0
1/6/19,0
1/7/19,0
1/8/19,0
1/9/19,0
1/10/19,0
1/11/19,0
1/12/19,0
1/13/19,0
1/14/19,0
1/15/19,268
1/16/19,214
1/17/19,315
1/18/19,685
1/19/19,915
1/20/19,1190
1/21/19,2140
1/22/19,589
1/23/19,934
1/24/19,4090
1/25/19,1850
1/26/19,1390
1/27/19,540
1/28/19,1640
1/29/19,2440
1/30/19,944
1/31/19,410
2/1/19,405
2/2/19,22.5
2/3/19,25.5
2/4/19,319
2/5/19,1060
2/6/19,1090
2/7/19,1140
2/8/19,1570
2/9/19,909
2/10/19,463
2/11/19,1700
2/12/19,1930
2/13/19,1310
2/14/19,127
2/15/19,196
2/16/19,487
2/17/19,2140
2/18/19,522
2/19/19,2470
2/20/19,262
2/21/19,1640
2/22/19,916
2/23/19,331
2/24/19,2020
2/25/19,1270
2/26/19,804
2/27/19,488
2/28/19,473
3/1/19,57.9
3/2/19,363
3/3/19,1190
3/4/19,754
3/5/19,623
3/6/19,119
3/7/19,432
3/8/19,651
3/9/19,588
3/10/19,845
3/11/19,926
3/12/19,6.68
3/13/19,810
3/14/19,1400
3/15/19,1160
3/16/19,661
3/17/19,1930
3/18/19,1160
3/19/19,4000
3/20/19,127
3/21/19,2130
3/22/19,1330
3/23/19,444
3/24/19,986
3/25/19,1440
3/26/19,324
3/27/19,1890
3/28/19,1100
3/29/19,1170
3/30/19,400
3/31/19,597
4/1/19,3890
4/2/19,870
4/3/19,733
4/4/19,52.5
4/5/19,417
4/6/19,137
4/7/19,285
4/8/19,1000
4/9/19,955
4/10/19,382
4/11/19,293
4/12/19,1470
4/13/19,942
4/14/19,354
4/15/19,113
4/16/19,2300
4/17/19,1320
4/18/19,1190
4/19/19,1970
4/20/19,653
4/21/19,380
4/22/19,433
4/23/19,829
4/24/19,1200
4/25/19,753
4/26/19,1530
4/27/19,41.1
4/28/19,0
4/29/19,0
4/30/19,1090
5/1/19,755
5/2/19,786
5/3/19,463
5/4/19,184
5/5/19,916
5/6/19,139
5/7/19,88.4
5/8/19,1130
5/9/19,1320
5/10/19,1490
5/11/19,1000
5/12/19,813
5/13/19,41.1
5/14/19,2360
5/15/19,2050
5/16/19,92.3
5/17/19,639
5/18/19,206
5/19/19,148
5/20/19,730
5/21/19,1210
5/22/19,605
5/23/19,1020
5/24/19,1290
5/25/19,580
5/26/19,504
5/27/19,420
5/28/19,169
5/29/19,245
5/30/19,290
5/31/19,138
6/1/19,1830
6/2/19,653
6/3/19,218
6/4/19,295
6/5/19,1290
6/6/19,1320
6/7/19,1090
6/8/19,1050
6/9/19,1140
6/10/19,1090
6/11/19,301
6/12/19,558
6/13/19,500
6/14/19,1310
6/15/19,219
6/16/19,297
6/17/19,588
6/18/19,902
6/19/19,1610
6/20/19,1480
6/21/19,779
6/22/19,498
6/23/19,934
6/24/19,432
6/25/19,460
6/26/19,258
6/27/19,181
6/28/19,555
6/29/19,293
6/30/19,687
7/1/19,43.8
7/2/19,805
7/3/19,1170
7/4/19,1430
7/5/19,1570
7/6/19,1630
7/7/19,1530
7/8/19,1120
7/9/19,428
7/10/19,221
7/11/19,464
7/12/19,691
7/13/19,417
7/14/19,221
7/15/19,508
7/16/19,198
7/17/19,895
7/18/19,1220
7/19/19,999
7/20/19,1220
7/21/19,1210
7/22/19,684
7/23/19,839
7/24/19,282
7/25/19,70.4
7/26/19,1160
7/27/19,587
7/28/19,214
7/29/19,195
7/30/19,214
7/31/19,0
8/1/19,0
8/2/19,0
8/3/19,0
8/4/19,0
8/5/19,0
8/6/19,0
8/7/19,0
8/8/19,0
8/9/19,0
8/10/19,0
8/11/19,0
8/12/19,0
8/13/19,0
8/14/19,0
8/15/19,0
8/16/19,0
8/17/19,0
8/18/19,0
8/19/19,0
8/20/19,0
8/21/19,0
8/22/19,0
8/23/19,0
8/24/19,0
8/25/19,0
8/26/19,0
8/27/19,0
8/28/19,0
8/29/19,443
8/30/19,20.1
8/31/19,1270
9/1/19,1230
9/2/19,1190
9/3/19,729
9/4/19,1290
9/5/19,0
9/6/19,0
9/7/19,0
9/8/19,0
9/9/19,0
9/10/19,0
9/11/19,1470
9/12/19,550
9/13/19,544
9/14/19,734
9/15/19,438
9/16/19,878
9/17/19,678
9/18/19,325
9/19/19,497
9/20/19,1360
9/21/19,1260
9/22/19,1140
9/23/19,81.9
9/24/19,835
9/25/19,1020
9/26/19,629
9/27/19,1100
9/28/19,219
9/29/19,430
9/30/19,665
10/1/19,501
10/2/19,1500
10/3/19,1750
10/4/19,1600
10/5/19,975
10/6/19,1550
10/7/19,1120
10/8/19,169
10/9/19,945
10/10/19,1100
10/11/19,376
10/12/19,518
10/13/19,213
10/14/19,997
10/15/19,1020
10/16/19,2390
10/17/19,673
10/18/19,148
10/19/19,882
10/20/19,1920
10/21/19,20.7
10/22/19,257
10/23/19,1390
10/24/19,1630
10/25/19,1030
10/26/19,633
10/27/19,963
10/28/19,327
10/29/19,816
10/30/19,1040
10/31/19,1730
11/1/19,826
11/2/19,382
11/3/19,195
11/4/19,220
11/5/19,84.7
11/6/19,1030
11/7/19,1030
11/8/19,3140
11/9/19,965
11/10/19,1260
11/11/19,1170
11/12/19,1370
11/13/19,2760
11/14/19,129
11/15/19,2280
11/16/19,860
11/17/19,32.9
11/18/19,1620
11/19/19,2670
11/20/19,930
11/21/19,430
11/22/19,322
11/23/19,528
11/24/19,81.6
11/25/19,1480
11/26/19,303
11/27/19,280
11/28/19,231
11/29/19,566
11/30/19,424
12/1/19,1730
12/2/19,209
12/3/19,429
12/4/19,28.9
12/5/19,348
12/6/19,378
12/7/19,1400
12/8/19,2000
12/9/19,779
12/10/19,260
12/11/19,2390
12/12/19,2170
12/13/19,1760
12/14/19,2470
12/15/19,1040
12/16/19,639
12/17/19,1280
12/18/19,115
12/19/19,158
12/20/19,1420
12/21/19,654
12/22/19,1220
12/23/19,203
12/24/19,2350
12/25/19,658
12/26/19,1700
12/27/19,2440
12/28/19,1940
12/29/19,1550
12/30/19,2810
12/31/19,1930
1/1/20,1050
1/2/20,285
1/3/20,1240
1/4/20,2020
1/5/20,248
1/6/20,523
1/7/20,267
1/8/20,922
1/9/20,1470
1/10/20,1210
1/11/20,51.2
1/12/20,326
1/13/20,154
1/14/20,350
1/15/20,310
1/16/20,205
1/17/20,1990
1/18/20,599
1/19/20,981
1/20/20,2260
1/21/20,2440
1/22/20,4060
1/23/20,541
1/24/20,1390
1/25/20,1540
1/26/20,7.57
1/27/20,52
1/28/20,293
1/29/20,44.7
1/30/20,1390
1/31/20,1080
2/1/20,1160
2/2/20,653
2/3/20,502
2/4/20,274
2/5/20,654
2/6/20,179
2/7/20,1300
2/8/20,2080
2/9/20,2060
2/10/20,256
2/11/20,576
2/12/20,514
2/13/20,1240
2/14/20,87.4
2/15/20,429
2/16/20,534
2/17/20,244
2/18/20,494
2/19/20,589
2/20/20,4170
2/21/20,3280
2/22/20,708
2/23/20,1320
2/24/20,881
2/25/20,2070
2/26/20,1830
2/27/20,1500
2/28/20,1350
2/29/20,1870
3/1/20,969
3/2/20,1420
3/3/20,1550
3/4/20,44.5
3/5/20,1290
3/6/20,477
3/7/20,1880
3/8/20,1830
3/9/20,992
3/10/20,375
3/11/20,189
3/12/20,231
3/13/20,811
3/14/20,487
3/15/20,79.7
3/16/20,0
3/17/20,0
3/18/20,207
3/19/20,512
3/20/20,155
3/21/20,242
3/22/20,2990
3/23/20,661
3/24/20,121
3/25/20,88.1
3/26/20,993
3/27/20,415
3/28/20,723
3/29/20,568
3/30/20,698
3/31/20,911
4/1/20,748
4/2/20,47.3
4/3/20,362
4/4/20,1850
4/5/20,2060
4/6/20,1430
4/7/20,198
4/8/20,332
4/9/20,1310
4/10/20,886
4/11/20,662
4/12/20,1030
4/13/20,2680
4/14/20,725
4/15/20,805
4/16/20,984
4/17/20,1290
4/18/20,1210
4/19/20,935
4/20/20,676
4/21/20,930
4/22/20,952
4/23/20,320
4/24/20,1400
4/25/20,657
4/26/20,1260
4/27/20,411
4/28/20,514
4/29/20,750
4/30/20,1550
5/1/20,518
5/2/20,724
5/3/20,1240
5/4/20,753
5/5/20,1840
5/6/20,1560
5/7/20,1810
5/8/20,1180
5/9/20,81
5/10/20,272
5/11/20,919
5/12/20,325
5/13/20,511
5/14/20,409
5/15/20,22.4
5/16/20,1270
5/17/20,1450
5/18/20,125
5/19/20,886
5/20/20,1770
5/21/20,991
5/22/20,27
5/23/20,555
5/24/20,659
5/25/20,327
5/26/20,35.6
5/27/20,1780
5/28/20,1720
5/29/20,1290
5/30/20,401
5/31/20,817
6/1/20,3560
6/2/20,115
6/3/20,362
6/4/20,167
6/5/20,678
6/6/20,257
6/7/20,2990
6/8/20,2490
6/9/20,2210
6/10/20,2570
6/11/20,4190
6/12/20,3720
6/13/20,3050
6/14/20,2270
6/15/20,2180
6/16/20,2920
6/17/20,2510
6/18/20,1720
6/19/20,1010
6/20/20,1010
6/21/20,1200
6/22/20,1310
6/23/20,1520
6/24/20,1100
6/25/20,927
6/26/20,747
6/27/20,538
6/28/20,170
6/29/20,613
6/30/20,1180
7/1/20,1220
7/2/20,1520
7/3/20,2000
7/4/20,355
7/5/20,267
7/6/20,922
7/7/20,1450
7/8/20,941
7/9/20,495
7/10/20,454
7/11/20,924
7/12/20,621
7/13/20,1010
7/14/20,33.8
7/15/20,332
7/16/20,1170
7/17/20,1040
7/18/20,1200
7/19/20,878
7/20/20,463
7/21/20,454
7/22/20,112
7/23/20,585
7/24/20,436
7/25/20,440
7/26/20,296
7/27/20,431
7/28/20,122
7/29/20,528
7/30/20,761
7/31/20,1240
8/1/20,1660
8/2/20,2190
8/3/20,2050
8/4/20,1760
8/5/20,865
8/6/20,578
8/7/20,376
8/8/20,73.2
8/9/20,710
8/10/20,1890
8/11/20,1730
8/12/20,1570
8/13/20,953
8/14/20,385
8/15/20,156
8/16/20,759
8/17/20,1810
8/18/20,621
8/19/20,202
8/20/20,398
8/21/20,1270
8/22/20,365
8/23/20,116
8/24/20,1010
8/25/20,782
8/26/20,95.1
8/27/20,793
8/28/20,387
8/29/20,422
8/30/20,986
8/31/20,1200
9/1/20,160
9/2/20,56.8
9/3/20,192
9/4/20,91.3
9/5/20,74.1
9/6/20,801
9/7/20,302
9/8/20,450
9/9/20,596
9/10/20,745
9/11/20,411
9/12/20,1400
9/13/20,522
9/14/20,732
9/15/20,1950
9/16/20,39.5
9/17/20,2920
9/18/20,1890
9/19/20,4460
9/20/20,2190
9/21/20,525
9/22/20,2970
9/23/20,3570
9/24/20,1340
9/25/20,607
9/26/20,0.05
9/27/20,1280
9/28/20,458
9/29/20,529
9/30/20,1260
10/1/20,828
10/2/20,1040
10/3/20,2440
10/4/20,974
10/5/20,887
10/6/20,1170
10/7/20,1830
10/8/20,1940
10/9/20,1100
10/10/20,677
10/11/20,962
10/12/20,76.5
10/13/20,1290
10/14/20,3110
10/15/20,1590
10/16/20,544
10/17/20,2050
10/18/20,766
10/19/20,23.4
10/20/20,1550
10/21/20,1170
10/22/20,809
10/23/20,159
10/24/20,538
10/25/20,722
10/26/20,1890
10/27/20,613
10/28/20,1170
10/29/20,1730
10/30/20,512
10/31/20,3920
11/1/20,1180
11/2/20,1090
11/3/20,494
11/4/20,314
11/5/20,333
11/6/20,573
11/7/20,346
11/8/20,1880
11/9/20,2090
11/10/20,607
11/11/20,200
11/12/20,1140
11/13/20,2770
11/14/20,669
11/15/20,75.1
11/16/20,308
11/17/20,946
11/18/20,986
11/19/20,245
11/20/20,877
11/21/20,194
11/22/20,0.51
11/23/20,236
11/24/20,1570
11/25/20,33.1
11/26/20,433
11/27/20,266
11/28/20,1330
11/29/20,1410
11/30/20,2190
12/1/20,238
12/2/20,790
12/3/20,154
12/4/20,679
12/5/20,969
12/6/20,74.6
12/7/20,975
12/8/20,681
12/9/20,243
12/10/20,1030
12/11/20,1720
12/12/20,1050
12/13/20,564
12/14/20,860
12/15/20,2830
12/16/20,1010
12/17/20,2730
12/18/20,617
12/19/20,78.6
12/20/20,584
12/21/20,986
12/22/20,1130
12/23/20,603
12/24/20,465
12/25/20,1500
12/26/20,912
12/27/20,829
12/28/20,512
12/29/20,703
12/30/20,1250
12/31/20,250
1/1/21,613
1/2/21,689
1/3/21,870
1/4/21,25.3
1/5/21,788
1/6/21,276
1/7/21,631
1/8/21,368
1/9/21,1120
1/10/21,1410
1/11/21,1080
1/12/21,409
1/13/21,793
1/14/21,88.1
1/15/21,595
1/16/21,1120
1/17/21,365
1/18/21,1100
1/19/21,341
1/20/21,512
1/21/21,177
1/22/21,109
1/23/21,1480
1/24/21,1040
1/25/21,401
1/26/21,13.7
1/27/21,1120
1/28/21,869
1/29/21,1280
1/30/21,671
1/31/21,1250
2/1/21,1080
2/2/21,128
2/3/21,369
2/4/21,548
2/5/21,1140
2/6/21,1150
2/7/21,87.9
2/8/21,1250
2/9/21,282
2/10/21,720
2/11/21,935
2/12/21,728
2/13/21,453
2/14/21,864
2/15/21,1550
2/16/21,4790
2/17/21,2700
2/18/21,2950
2/19/21,3370
2/20/21,3070
2/21/21,1890
2/22/21,2080
2/23/21,1100
2/24/21,761
2/25/21,181
2/26/21,951
2/27/21,452
2/28/21,399
3/1/21,1070
3/2/21,1190
3/3/21,971
3/4/21,1700
3/5/21,1030
3/6/21,679
3/7/21,228
3/8/21,350
3/9/21,189
3/10/21,715
3/11/21,956
3/12/21,532
3/13/21,495
3/14/21,568
3/15/21,692
3/16/21,486
3/17/21,122
3/18/21,1480
3/19/21,418
3/20/21,2590
3/21/21,3130
3/22/21,432
3/23/21,1310
3/24/21,905
3/25/21,313
3/26/21,547
3/27/21,1290
3/28/21,899
3/29/21,1750
3/30/21,85.5
3/31/21,914
4/1/21,628
4/2/21,680
4/3/21,490
4/4/21,713
4/5/21,232
4/6/21,690
4/7/21,961
4/8/21,1380
4/9/21,1560
4/10/21,818
4/11/21,303
4/12/21,515
4/13/21,1020
4/14/21,284
4/15/21,462
4/16/21,656
4/17/21,633
4/18/21,1410
4/19/21,959
4/20/21,32.2
4/21/21,473
4/22/21,1610
4/23/21,1460
4/24/21,1270
4/25/21,770
4/26/21,1980
4/27/21,5.27
4/28/21,453
4/29/21,1390
4/30/21,1190
5/1/21,323
5/2/21,788
5/3/21,935
5/4/21,484
5/5/21,278
5/6/21,1350
5/7/21,1700
5/8/21,942
5/9/21,4.34
5/10/21,259
5/11/21,939
5/12/21,1880
5/13/21,946
5/14/21,239
5/15/21,648
5/16/21,648
5/17/21,414
5/18/21,88.5
5/19/21,285
5/20/21,245
5/21/21,1330
5/22/21,857
5/23/21,1190
5/24/21,1210
5/25/21,1460
5/26/21,604
5/27/21,58.6
5/28/21,523
5/29/21,1050
5/30/21,57.5
5/31/21,381
6/1/21,608
6/2/21,749
6/3/21,519
6/4/21,297
6/5/21,1040
6/6/21,661
6/7/21,548
6/8/21,688
6/9/21,274
6/10/21,19.8
6/11/21,146
6/12/21,268
6/13/21,697
6/14/21,707
6/15/21,2020
6/16/21,31.3
6/17/21,510
6/18/21,1470
6/19/21,348
6/20/21,316
6/21/21,550
6/22/21,1030
6/23/21,1930
6/24/21,1720
6/25/21,2290
6/26/21,1850
6/27/21,998
6/28/21,760
6/29/21,1070
6/30/21,595
7/1/21,511
7/2/21,1590
7/3/21,378
7/4/21,1000
7/5/21,245
7/6/21,408
7/7/21,599
7/8/21,6210
7/9/21,5000
7/10/21,3990
7/11/21,3860
7/12/21,3430
7/13/21,2550
7/14/21,2240
7/15/21,2090
7/16/21,1740
7/17/21,1510
7/18/21,553
7/19/21,159
7/20/21,205
7/21/21,1080
7/22/21,970
7/23/21,1610
7/24/21,1150
7/25/21,86.2
7/26/21,1190
7/27/21,953
7/28/21,769
7/29/21,378
7/30/21,1000
7/31/21,930
8/1/21,721
8/2/21,179
8/3/21,25.6
8/4/21,361
8/5/21,261
8/6/21,1790
8/7/21,1370
8/8/21,1600
8/9/21,1380
8/10/21,2110
8/11/21,2240
8/12/21,1660
8/13/21,1520
8/14/21,1510
8/15/21,1210
8/16/21,266
8/17/21,99.5
8/18/21,181
8/19/21,601
8/20/21,1150
8/21/21,269
8/22/21,367
8/23/21,450
8/24/21,622
8/25/21,352
8/26/21,144
8/27/21,525
8/28/21,796
8/29/21,817
8/30/21,724
8/31/21,248
9/1/21,912
9/2/21,949
9/3/21,2860
9/4/21,2060
9/5/21,300
9/6/21,242
9/7/21,596
9/8/21,72.2
9/9/21,464
9/10/21,944
9/11/21,575
9/12/21,376
9/13/21,618
9/14/21,238
9/15/21,1380
9/16/21,1170
9/17/21,235
9/18/21,1230
9/19/21,1420
9/20/21,3.28
9/21/21,1260
9/22/21,929
9/23/21,621
9/24/21,131
9/25/21,701
9/26/21,583
9/27/21,982
9/28/21,850
9/29/21,837
9/30/21,461
10/1/21,1620
10/2/21,1540
10/3/21,1340
10/4/21,1320
10/5/21,920
10/6/21,1010
10/7/21,725
10/8/21,139
10/9/21,613
10/10/21,165
10/11/21,148
10/12/21,496
10/13/21,144
10/14/21,846
10/15/21,722
10/16/21,202
10/17/21,2380
10/18/21,1000
10/19/21,435
10/20/21,460
10/21/21,101
10/22/21,337
10/23/21,157
10/24/21,205
10/25/21,504
10/26/21,912
10/27/21,477
10/28/21,1260
10/29/21,1110
10/30/21,103
10/31/21,1350
11/1/21,2090
11/2/21,1460
11/3/21,1790
11/4/21,2190
11/5/21,3540
11/6/21,1330
11/7/21,1290
11/8/21,1830
11/9/21,2310
11/10/21,1500
11/11/21,931
11/12/21,699
11/13/21,631
11/14/21,817
11/15/21,264
11/16/21,451
11/17/21,454
11/18/21,292
11/19/21,2250
11/20/21,1540
11/21/21,716
11/22/21,952
11/23/21,1280
11/24/21,12.1
11/25/21,750
11/26/21,1150
11/27/21,222
11/28/21,493
11/29/21,712
11/30/21,662
12/1/21,1080
12/2/21,1220
12/3/21,1210
12/4/21,1410
12/5/21,500
12/6/21,56.5
12/7/21,190
12/8/21,399
12/9/21,85.1
12/10/21,665
12/11/21,521
12/12/21,647
12/13/21,1020
12/14/21,694
12/15/21,894
12/16/21,255
12/17/21,662
12/18/21,576
12/19/21,3.85
12/20/21,3420
12/21/21,83.2
12/22/21,1820
12/23/21,519
12/24/21,1150
12/25/21,1660
12/26/21,735
12/27/21,179
12/28/21,160
12/29/21,563
12/30/21,792
12/31/21,1730
1/1/22,1760
1/2/22,268
1/3/22,297
1/4/22,2660
1/5/22,677
1/6/22,929
1/7/22,960
1/8/22,264
1/9/22,569
1/10/22,688
1/11/22,1560
1/12/22,202
1/13/22,136
1/14/22,451
1/15/22,978
1/16/22,1430
1/17/22,90
1/18/22,1380
1/19/22,786
1/20/22,257
1/21/22,1010
1/22/22,375
1/23/22,660
1/24/22,666
1/25/22,623
1/26/22,458
1/27/22,2520
1/28/22,201
1/29/22,123
1/30/22,777
1/31/22,1260
2/1/22,1640
2/2/22,234
2/3/22,1100
2/4/22,1560
2/5/22,176
2/6/22,1150
2/7/22,1750
2/8/22,962
2/9/22,262
2/10/22,543
2/11/22,5.9
2/12/22,288
2/13/22,403
2/14/22,753
2/15/22,1350
2/16/22,1090
2/17/22,215
2/18/22,573
2/19/22,380
2/20/22,168
2/21/22,653
2/22/22,945
2/23/22,815
2/24/22,646
2/25/22,67.8
2/26/22,1040
2/27/22,2110
2/28/22,2790
3/1/22,376
3/2/22,1090
3/3/22,680
3/4/22,149
3/5/22,217
3/6/22,976
3/7/22,1090
3/8/22,1040
3/9/22,1130
3/10/22,810
3/11/22,810
3/12/22,3330
3/13/22,11.7
3/14/22,80.9
3/15/22,639
3/16/22,44.8
3/17/22,251
3/18/22,347
3/19/22,702
3/20/22,1020
3/21/22,336
3/22/22,631
3/23/22,1770
3/24/22,3010
3/25/22,3020
3/26/22,1770
3/27/22,75.3
3/28/22,705
3/29/22,1020
3/30/22,721
3/31/22,1390
4/1/22,602
4/2/22,588
4/3/22,247
4/4/22,578
4/5/22,1060
4/6/22,1340
4/7/22,6670
4/8/22,4960
4/9/22,3680
4/10/22,2260
4/11/22,1100
4/12/22,380
4/13/22,601
4/14/22,198
4/15/22,2940
4/16/22,339
4/17/22,651
4/18/22,801
4/19/22,812
4/20/22,1080
4/21/22,1080
4/22/22,1070
4/23/22,698
4/24/22,136
4/25/22,717
4/26/22,595
4/27/22,2560
4/28/22,1390
4/29/22,428
4/30/22,394
5/1/22,190
5/2/22,619
5/3/22,736
5/4/22,638
5/5/22,740
5/6/22,928
5/7/22,593
5/8/22,671
5/9/22,867
5/10/22,2150
5/11/22,2810
5/12/22,2520
5/13/22,7.12
5/14/22,47.4
5/15/22,449
5/16/22,161
5/17/22,276
5/18/22,1040
5/19/22,1150
5/20/22,726
5/21/22,1330
5/22/22,721
5/23/22,179
5/24/22,716
5/25/22,933
5/26/22,1370
5/27/22,93.4
5/28/22,398
5/29/22,524
5/30/22,153
5/31/22,233
6/1/22,244
6/2/22,695
6/3/22,765
6/4/22,42.8
6/5/22,804
6/6/22,256
6/7/22,1520
6/8/22,758
6/9/22,162
6/10/22,1650
6/11/22,1560
6/12/22,472
6/13/22,481
6/14/22,508
6/15/22,0
6/16/22,801
6/17/22,2070
6/18/22,1310
6/19/22,121
6/20/22,1660
6/21/22,1110
6/22/22,376
6/23/22,452
6/24/22,2260
6/25/22,377
6/26/22,373
6/27/22,10.2
6/28/22,428
6/29/22,260
6/30/22,226
7/1/22,2320
7/2/22,1600
7/3/22,1390
7/4/22,703
7/5/22,793
7/6/22,945
7/7/22,1280
7/8/22,771
7/9/22,9.4
7/10/22,964
7/11/22,2670
7/12/22,621
7/13/22,711
7/14/22,882
7/15/22,1440
7/16/22,958
7/17/22,1140
7/18/22,1720
7/19/22,1450
7/20/22,939
7/21/22,896
7/22/22,239
7/23/22,239
7/24/22,52.8
7/25/22,432
7/26/22,136
7/27/22,447
7/28/22,145
7/29/22,228
7/30/22,276
7/31/22,103
8/1/22,730
8/2/22,452
8/3/22,887
8/4/22,802
8/5/22,346
8/6/22,213
8/7/22,652
8/8/22,679
8/9/22,890
8/10/22,495
8/11/22,35.8
8/12/22,241
8/13/22,1100
8/14/22,208
8/15/22,1070
8/16/22,1700
8/17/22,851
8/18/22,1410
8/19/22,1890
8/20/22,972
8/21/22,647
8/22/22,494
8/23/22,216
8/24/22,561
8/25/22,684
8/26/22,548
8/27/22,191
8/28/22,148
8/29/22,630
8/30/22,1470
8/31/22,2070
9/1/22,2070
9/2/22,1910
9/3/22,1560
9/4/22,1230
9/5/22,991
9/6/22,375
9/7/22,451
9/8/22,2100
9/9/22,954
9/10/22,1870
9/11/22,2750
9/12/22,2720
9/13/22,2120
9/14/22,1060
9/15/22,46.9
9/16/22,484
9/17/22,997
9/18/22,1090
9/19/22,948
9/20/22,115
9/21/22,787
9/22/22,536
9/23/22,2610
9/24/22,161
9/25/22,56.1
9/26/22,454
9/27/22,132
9/28/22,4340
9/29/22,8280
9/30/22,5380
10/1/22,5600
10/2/22,1950
10/3/22,741
10/4/22,2270
10/5/22,387
10/6/22,558
10/7/22,273
10/8/22,276
10/9/22,1000
10/10/22,408
10/11/22,78.7
10/12/22,934
10/13/22,1440
10/14/22,496
10/15/22,464
10/16/22,646
10/17/22,1060
10/18/22,20.9
10/19/22,897
10/20/22,217
10/21/22,1060
10/22/22,1680
10/23/22,1430
10/24/22,77.3
10/25/22,218
10/26/22,642
10/27/22,411
10/28/22,679
10/29/22,340
10/30/22,623
10/31/22,834
11/1/22,1200
11/2/22,143
11/3/22,2460
11/4/22,848
11/5/22,119
11/6/22,238
11/7/22,430
11/8/22,3090
11/9/22,5240
11/10/22,0
11/11/22,0
11/12/22,0
11/13/22,1310
11/14/22,983
11/15/22,560
11/16/22,720
11/17/22,222
11/18/22,449
11/19/22,394
11/20/22,445
11/21/22,1940
11/22/22,1040
11/23/22,773
11/24/22,145
11/25/22,543
11/26/22,4.14
11/27/22,1360
11/28/22,872
11/29/22,0
11/30/22,1120
12/1/22,1760
12/2/22,34.6
12/3/22,686
12/4/22,385
12/5/22,1690
12/6/22,86.7
12/7/22,633
12/8/22,145
12/9/22,722
12/10/22,476
12/11/22,1140
12/12/22,634
12/13/22,713
12/14/22,1340
12/15/22,2790
12/16/22,636
12/17/22,253
12/18/22,318
12/19/22,2570
12/20/22,827
12/21/22,3990
12/22/22,2160
12/23/22,2880
12/24/22,95.4
12/25/22,429
12/26/22,559
12/27/22,1080
12/28/22,1020
12/29/22,707
12/30/22,293
12/31/22,437
1/1/23,138
1/2/23,389
1/3/23,673
1/4/23,630
1/5/23,328
1/6/23,27.8
1/7/23,711
1/8/23,250
1/9/23,383
1/10/23,489
1/11/23,825
1/12/23,1280
1/13/23,1810
1/14/23,327
1/15/23,265
1/16/23,510
1/17/23,301
1/18/23,414
1/19/23,465
1/20/23,115
1/21/23,1660
1/22/23,24.1
1/23/23,1440
1/24/23,26.4
1/25/23,1010
1/26/23,2110
1/27/23,757
1/28/23,322
1/29/23,523
1/30/23,140
1/31/23,318
2/1/23,154
2/2/23,1170
2/3/23,908
2/4/23,1150
2/5/23,669
2/6/23,439
2/7/23,315
2/8/23,70.6
2/9/23,173
2/10/23,634
2/11/23,43
2/12/23,2760
2/13/23,950
2/14/23,554
2/15/23,59.2
2/16/23,510
2/17/23,142
2/18/23,2540
2/19/23,1010
2/20/23,175
2/21/23,389
2/22/23,16.6
2/23/23,825
2/24/23,727
2/25/23,241
2/26/23,759
2/27/23,664
2/28/23,937
3/1/23,268
3/2/23,198
3/3/23,557
3/4/23,508
3/5/23,1930
3/6/23,332
3/7/23,435
3/8/23,1390
3/9/23,289
3/10/23,1390
3/11/23,56.2
3/12/23,1360
3/13/23,1170
3/14/23,1310
3/15/23,501
3/16/23,212
3/17/23,47.4
3/18/23,77.7
3/19/23,2170
3/20/23,2170
3/21/23,1780
3/22/23,1410
3/23/23,1510
3/24/23,1140
3/25/23,1040
3/26/23,214
3/27/23,829
3/28/23,368
3/29/23,743
3/30/23,469
3/31/23,131
4/1/23,693
4/2/23,1180
4/3/23,1460
4/4/23,954
4/5/23,665
4/6/23,504
4/7/23,138
4/8/23,1550
4/9/23,2700
4/10/23,85.7
4/11/23,3210
4/12/23,2850
4/13/23,2150
4/14/23,1210
4/15/23,244
4/16/23,444
4/17/23,1420
4/18/23,1580
4/19/23,219
4/20/23,116
4/21/23,329
4/22/23,1100
4/23/23,508
4/24/23,1040
4/25/23,661
4/26/23,1060
4/27/23,1080
4/28/23,1620
4/29/23,107
4/30/23,1140
5/1/23,204
5/2/23,832
5/3/23,1390
5/4/23,1570
5/5/23,370
5/6/23,550
5/7/23,1040
5/8/23,1720
5/9/23,1220
5/10/23,115
5/11/23,841
5/12/23,1280
5/13/23,638
5/14/23,249
5/15/23,1860
5/16/23,574
5/17/23,78.7
5/18/23,1250
5/19/23,31.6
5/20/23,1310
5/21/23,2010
5/22/23,1220
5/23/23,1260
5/24/23,1090
5/25/23,623
5/26/23,2000
5/27/23,2140
5/28/23,3040
5/29/23,1100